<?xml version="1.0" encoding="UTF-8"?>
<objects serializationModel="Studio.02.01.00">
	<object class="ParameterPreset" id="{7a1f930e-cde4-4fe6-942e-fbbedf894b93}">
		<property name="name">
			<value>isGreenDieselModeXtra</value>
		</property>
		<relationship name="folder">
			<destination>{bd116834-fd62-4e86-95b2-e7b6bcbea2ca}</destination>
		</relationship>
		<relationship name="parameter">
			<destination>{d5fe1b51-c723-47c9-a76d-3623cac339a9}</destination>
		</relationship>
	</object>
	<object class="GameParameter" id="{d5fe1b51-c723-47c9-a76d-3623cac339a9}">
		<property name="initialValue">
			<value>0</value>
		</property>
	</object>
</objects>
