<?xml version="1.0" encoding="UTF-8"?>
<objects serializationModel="Studio.02.00.00">
	<object class="EncodingSetting" id="{83044fdf-53e3-4bab-8eb6-1f97401a1320}">
		<property name="encodingFormat">
			<value>3</value>
		</property>
		<property name="quality">
			<value>37</value>
		</property>
		<relationship name="platform">
			<destination>{f42254e2-53a5-4ecf-958d-5742ec781f93}</destination>
		</relationship>
		<relationship name="encodable">
			<destination>{834eaf9e-b078-4063-9c49-2968e95f13d2}</destination>
		</relationship>
	</object>
</objects>
