<?xml version="1.0" encoding="UTF-8"?>
<objects serializationModel="Studio.02.00.00">
	<object class="EncodingSetting" id="{c60dc0ed-5a7e-447c-84fc-962be9758fcf}">
		<property name="encodingFormat">
			<value>3</value>
		</property>
		<property name="quality">
			<value>52</value>
		</property>
		<relationship name="platform">
			<destination>{f42254e2-53a5-4ecf-958d-5742ec781f93}</destination>
		</relationship>
		<relationship name="encodable">
			<destination>{6c9a877a-1043-4913-ada8-19b94c14e178}</destination>
		</relationship>
	</object>
</objects>
