<?xml version="1.0" encoding="UTF-8"?>
<objects serializationModel="Studio.02.01.00">
	<object class="Workspace" id="{bf67fa8a-d960-4aa1-93a7-f13695c238ed}">
		<relationship name="projectSettings">
			<destination>{72e862b9-8a08-4847-876d-bccf42ce18cd}</destination>
		</relationship>
		<relationship name="changelist">
			<destination>{774a256d-7434-45d1-8d84-4edb8e1cda4b}</destination>
		</relationship>
	</object>
	<object class="ProjectSettings" id="{72e862b9-8a08-4847-876d-bccf42ce18cd}">
		<relationship name="activePlatform">
			<destination>{f42254e2-53a5-4ecf-958d-5742ec781f93}</destination>
		</relationship>
	</object>
	<object class="WorkspaceChangelist" id="{774a256d-7434-45d1-8d84-4edb8e1cda4b}" />
</objects>
