<?xml version="1.0" encoding="UTF-8"?>
<objects serializationModel="Studio.02.01.00">
	<object class="Event" id="{0e302591-227d-40c3-9764-4ca43634d270}">
		<property name="name">
			<value>gdm_activate </value>
		</property>
		<property name="outputFormat">
			<value>1</value>
		</property>
		<relationship name="folder">
			<destination>{3eff90f7-ac35-4ecb-87f0-ce431c64535c}</destination>
		</relationship>
		<relationship name="mixer">
			<destination>{dda552e2-7a94-4c6e-aa81-0223b7efcef2}</destination>
		</relationship>
		<relationship name="masterTrack">
			<destination>{8008638d-7573-4f18-87f9-3be9ec729dfe}</destination>
		</relationship>
		<relationship name="mixerInput">
			<destination>{881fdc71-b7a9-471a-ae02-3c2d449aa600}</destination>
		</relationship>
		<relationship name="automatableProperties">
			<destination>{46fb2a85-b4b8-451f-b6da-efd3f3f29ff6}</destination>
		</relationship>
		<relationship name="markerTracks">
			<destination>{e67dcd2b-7957-4d24-9cab-164815421f8e}</destination>
		</relationship>
		<relationship name="groupTracks">
			<destination>{0aadd16d-a144-4df4-838f-60fa47dcb46f}</destination>
		</relationship>
		<relationship name="timeline">
			<destination>{2dc28159-c643-451e-bde9-af5bfae16a7e}</destination>
		</relationship>
		<relationship name="banks">
			<destination>{f268a6a9-a199-476e-ae91-bb1c41f7a3d6}</destination>
		</relationship>
	</object>
	<object class="EventMixer" id="{dda552e2-7a94-4c6e-aa81-0223b7efcef2}">
		<relationship name="masterBus">
			<destination>{2c0bab37-550b-40e7-9334-d0e196e12486}</destination>
		</relationship>
	</object>
	<object class="MasterTrack" id="{8008638d-7573-4f18-87f9-3be9ec729dfe}">
		<relationship name="mixerGroup">
			<destination>{2c0bab37-550b-40e7-9334-d0e196e12486}</destination>
		</relationship>
	</object>
	<object class="MixerInput" id="{881fdc71-b7a9-471a-ae02-3c2d449aa600}">
		<relationship name="effectChain">
			<destination>{bcbf5dd6-4eb7-4af7-bef6-40121f3ff101}</destination>
		</relationship>
		<relationship name="panner">
			<destination>{2279598e-1734-4912-a182-0b0a015a7fa3}</destination>
		</relationship>
		<relationship name="output">
			<destination>{094fe305-dee1-4ea7-bbf8-af796f52b6eb}</destination>
		</relationship>
	</object>
	<object class="EventAutomatableProperties" id="{46fb2a85-b4b8-451f-b6da-efd3f3f29ff6}" />
	<object class="MarkerTrack" id="{e67dcd2b-7957-4d24-9cab-164815421f8e}" />
	<object class="GroupTrack" id="{0aadd16d-a144-4df4-838f-60fa47dcb46f}">
		<relationship name="modules">
			<destination>{06fe9cf0-a538-4d05-a902-94f44bdc89f4}</destination>
			<destination>{4bf75cb8-4694-4630-bb47-fbfd54a651de}</destination>
		</relationship>
		<relationship name="mixerGroup">
			<destination>{536c5fcf-9c7e-470f-b578-5699cd0c6545}</destination>
		</relationship>
	</object>
	<object class="Timeline" id="{2dc28159-c643-451e-bde9-af5bfae16a7e}">
		<relationship name="modules">
			<destination>{06fe9cf0-a538-4d05-a902-94f44bdc89f4}</destination>
			<destination>{4bf75cb8-4694-4630-bb47-fbfd54a651de}</destination>
		</relationship>
	</object>
	<object class="EventMixerMaster" id="{2c0bab37-550b-40e7-9334-d0e196e12486}">
		<relationship name="effectChain">
			<destination>{e73ca6d3-be47-485d-9f64-d713ecb41ba2}</destination>
		</relationship>
		<relationship name="panner">
			<destination>{040fd605-b4ee-4a1e-b4f1-d55b687bdc2d}</destination>
		</relationship>
		<relationship name="mixer">
			<destination>{dda552e2-7a94-4c6e-aa81-0223b7efcef2}</destination>
		</relationship>
	</object>
	<object class="MixerBusEffectChain" id="{bcbf5dd6-4eb7-4af7-bef6-40121f3ff101}">
		<relationship name="effects">
			<destination>{2300f277-4761-4675-9f70-b457e954b788}</destination>
		</relationship>
	</object>
	<object class="MixerBusPanner" id="{2279598e-1734-4912-a182-0b0a015a7fa3}" />
	<object class="SingleSound" id="{06fe9cf0-a538-4d05-a902-94f44bdc89f4}">
		<property name="length">
			<value>1.8</value>
		</property>
		<relationship name="audioFile">
			<destination>{46d884e8-8726-43c9-b9b1-f1ad0d59dbbe}</destination>
		</relationship>
	</object>
	<object class="SingleSound" id="{4bf75cb8-4694-4630-bb47-fbfd54a651de}">
		<property name="start">
			<value>1.8</value>
		</property>
		<property name="length">
			<value>3.7440000000000002</value>
		</property>
		<relationship name="audioFile">
			<destination>{ce13937d-9397-451e-be5f-b92a74ffec32}</destination>
		</relationship>
	</object>
	<object class="EventMixerGroup" id="{536c5fcf-9c7e-470f-b578-5699cd0c6545}">
		<property name="name">
			<value>Audio 1</value>
		</property>
		<relationship name="effectChain">
			<destination>{7f7034e4-e314-4a0f-a267-5eac47e7c425}</destination>
		</relationship>
		<relationship name="panner">
			<destination>{025321cc-c4ec-4306-a219-0d04aea7dcca}</destination>
		</relationship>
		<relationship name="output">
			<destination>{2c0bab37-550b-40e7-9334-d0e196e12486}</destination>
		</relationship>
	</object>
	<object class="MixerBusEffectChain" id="{e73ca6d3-be47-485d-9f64-d713ecb41ba2}">
		<relationship name="effects">
			<destination>{9c53382b-7692-47b0-b1ae-f6e1e54a4fe3}</destination>
		</relationship>
	</object>
	<object class="MixerBusPanner" id="{040fd605-b4ee-4a1e-b4f1-d55b687bdc2d}" />
	<object class="MixerBusFader" id="{2300f277-4761-4675-9f70-b457e954b788}" />
	<object class="MixerBusEffectChain" id="{7f7034e4-e314-4a0f-a267-5eac47e7c425}">
		<relationship name="effects">
			<destination>{5c3d38ed-4486-4a12-926f-74fd80465191}</destination>
		</relationship>
	</object>
	<object class="MixerBusPanner" id="{025321cc-c4ec-4306-a219-0d04aea7dcca}" />
	<object class="MixerBusFader" id="{9c53382b-7692-47b0-b1ae-f6e1e54a4fe3}" />
	<object class="MixerBusFader" id="{5c3d38ed-4486-4a12-926f-74fd80465191}" />
</objects>
