<?xml version="1.0" encoding="UTF-8"?>
<objects serializationModel="Studio.02.01.00">
	<object class="Event" id="{0e9ed0fa-8e7f-4ea1-bfbd-d957d0599799}">
		<property name="name">
			<value>gdm_avail</value>
		</property>
		<property name="outputFormat">
			<value>1</value>
		</property>
		<relationship name="folder">
			<destination>{3eff90f7-ac35-4ecb-87f0-ce431c64535c}</destination>
		</relationship>
		<relationship name="mixer">
			<destination>{9d66f86c-f9e2-4c4e-895d-f26ce2fe92ed}</destination>
		</relationship>
		<relationship name="masterTrack">
			<destination>{76be27da-92be-415d-978b-22e8150ff5de}</destination>
		</relationship>
		<relationship name="mixerInput">
			<destination>{82ac1d72-6567-46ee-a4f3-9cf271911d32}</destination>
		</relationship>
		<relationship name="automatableProperties">
			<destination>{6a1b92dc-3abb-403d-af5c-53766507d970}</destination>
		</relationship>
		<relationship name="markerTracks">
			<destination>{c89bcee9-a51e-45cb-859b-4074aae484ea}</destination>
		</relationship>
		<relationship name="groupTracks">
			<destination>{8661d40e-f3e7-4389-be16-805b6bbeda55}</destination>
		</relationship>
		<relationship name="timeline">
			<destination>{f5649910-99a7-410f-9551-943244eeaa3a}</destination>
		</relationship>
		<relationship name="parameters">
			<destination>{2af813f6-ebe9-432c-b63a-5f9ee9936b36}</destination>
		</relationship>
		<relationship name="banks">
			<destination>{f268a6a9-a199-476e-ae91-bb1c41f7a3d6}</destination>
		</relationship>
	</object>
	<object class="EventMixer" id="{9d66f86c-f9e2-4c4e-895d-f26ce2fe92ed}">
		<relationship name="masterBus">
			<destination>{f67821ae-b33e-4937-ac1e-78c6e08c35a2}</destination>
		</relationship>
	</object>
	<object class="MasterTrack" id="{76be27da-92be-415d-978b-22e8150ff5de}">
		<relationship name="modules">
			<destination>{1b0a6bf8-79e3-4e62-ab27-bbb881affb15}</destination>
		</relationship>
		<relationship name="mixerGroup">
			<destination>{f67821ae-b33e-4937-ac1e-78c6e08c35a2}</destination>
		</relationship>
	</object>
	<object class="MixerInput" id="{82ac1d72-6567-46ee-a4f3-9cf271911d32}">
		<relationship name="effectChain">
			<destination>{14c757a5-f355-4484-9c4f-4d11435dc796}</destination>
		</relationship>
		<relationship name="panner">
			<destination>{7d90c8de-81c2-4cdc-b2dd-8945314a535e}</destination>
		</relationship>
		<relationship name="output">
			<destination>{538c3f88-1187-44fd-85aa-cc9f5f53e20b}</destination>
		</relationship>
	</object>
	<object class="EventAutomatableProperties" id="{6a1b92dc-3abb-403d-af5c-53766507d970}" />
	<object class="MarkerTrack" id="{c89bcee9-a51e-45cb-859b-4074aae484ea}" />
	<object class="GroupTrack" id="{8661d40e-f3e7-4389-be16-805b6bbeda55}">
		<relationship name="mixerGroup">
			<destination>{0a1eedbc-f0a5-4635-8cbe-49ee4d9a56fc}</destination>
		</relationship>
	</object>
	<object class="Timeline" id="{f5649910-99a7-410f-9551-943244eeaa3a}">
		<property name="isProxyEnabled">
			<value>false</value>
		</property>
	</object>
	<object class="ActionSheet" id="{2af813f6-ebe9-432c-b63a-5f9ee9936b36}">
		<relationship name="modules">
			<destination>{1b0a6bf8-79e3-4e62-ab27-bbb881affb15}</destination>
		</relationship>
	</object>
	<object class="EventMixerMaster" id="{f67821ae-b33e-4937-ac1e-78c6e08c35a2}">
		<relationship name="effectChain">
			<destination>{c057dbe9-1547-464b-a22d-c03f0f3f2df5}</destination>
		</relationship>
		<relationship name="panner">
			<destination>{fcddca8c-37e0-435b-b820-50edd30ed967}</destination>
		</relationship>
		<relationship name="mixer">
			<destination>{9d66f86c-f9e2-4c4e-895d-f26ce2fe92ed}</destination>
		</relationship>
	</object>
	<object class="MultiSound" id="{1b0a6bf8-79e3-4e62-ab27-bbb881affb15}">
		<relationship name="sounds">
			<destination>{25b7e670-a679-4be3-808f-2080a58b1a44}</destination>
		</relationship>
	</object>
	<object class="MixerBusEffectChain" id="{14c757a5-f355-4484-9c4f-4d11435dc796}">
		<relationship name="effects">
			<destination>{2be076ea-bf4c-4929-a9d7-a9894a04872c}</destination>
		</relationship>
	</object>
	<object class="MixerBusPanner" id="{7d90c8de-81c2-4cdc-b2dd-8945314a535e}" />
	<object class="EventMixerGroup" id="{0a1eedbc-f0a5-4635-8cbe-49ee4d9a56fc}">
		<property name="name">
			<value>Audio 1</value>
		</property>
		<relationship name="effectChain">
			<destination>{d0db435a-d167-4f00-b336-057b99b8bb5f}</destination>
		</relationship>
		<relationship name="panner">
			<destination>{284b5cf5-f6fc-4ac3-9b0f-7a9baa309671}</destination>
		</relationship>
		<relationship name="output">
			<destination>{f67821ae-b33e-4937-ac1e-78c6e08c35a2}</destination>
		</relationship>
	</object>
	<object class="MixerBusEffectChain" id="{c057dbe9-1547-464b-a22d-c03f0f3f2df5}">
		<relationship name="effects">
			<destination>{02bc9552-6469-4ceb-bb7f-2204a19fc4fd}</destination>
		</relationship>
	</object>
	<object class="MixerBusPanner" id="{fcddca8c-37e0-435b-b820-50edd30ed967}" />
	<object class="SingleSound" id="{25b7e670-a679-4be3-808f-2080a58b1a44}">
		<property name="startOffset">
			<value>5</value>
		</property>
		<relationship name="audioFile">
			<destination>{0566a1a9-3f4e-44f5-9ae9-eb94171d3604}</destination>
		</relationship>
	</object>
	<object class="MixerBusFader" id="{2be076ea-bf4c-4929-a9d7-a9894a04872c}" />
	<object class="MixerBusEffectChain" id="{d0db435a-d167-4f00-b336-057b99b8bb5f}">
		<relationship name="effects">
			<destination>{738eb0d9-5365-41d5-89ca-bd7356131c82}</destination>
		</relationship>
	</object>
	<object class="MixerBusPanner" id="{284b5cf5-f6fc-4ac3-9b0f-7a9baa309671}" />
	<object class="MixerBusFader" id="{02bc9552-6469-4ceb-bb7f-2204a19fc4fd}" />
	<object class="MixerBusFader" id="{738eb0d9-5365-41d5-89ca-bd7356131c82}" />
</objects>
