<?xml version="1.0" encoding="UTF-8"?>
<objects serializationModel="Studio.02.01.00">
	<object class="Event" id="{195b33b1-e92d-4813-84bc-10ccbb0fa082}">
		<property name="name">
			<value>soundtrack_johnny_cash</value>
		</property>
		<property name="outputFormat">
			<value>1</value>
		</property>
		<relationship name="folder">
			<destination>{3eff90f7-ac35-4ecb-87f0-ce431c64535c}</destination>
		</relationship>
		<relationship name="mixer">
			<destination>{0e620cc4-9122-47e1-9b10-c98d48fcee78}</destination>
		</relationship>
		<relationship name="masterTrack">
			<destination>{8a6552b2-506e-43f0-b951-c567b129a15e}</destination>
		</relationship>
		<relationship name="mixerInput">
			<destination>{06134169-11a6-44c3-840c-2928e783102d}</destination>
		</relationship>
		<relationship name="automatableProperties">
			<destination>{168cfd25-4054-41fa-9860-2b32c8665384}</destination>
		</relationship>
		<relationship name="markerTracks">
			<destination>{ba94025f-5015-4c8c-a414-3cf7ac65e93b}</destination>
		</relationship>
		<relationship name="groupTracks">
			<destination>{06e40785-b126-4bcb-a0b0-fe1cb358a4d7}</destination>
		</relationship>
		<relationship name="timeline">
			<destination>{ee7e195c-2f0d-4d17-b7ac-5b91da1f7a22}</destination>
		</relationship>
		<relationship name="parameters">
			<destination>{b226149a-f5c4-4362-9aa5-258b29a710a2}</destination>
		</relationship>
		<relationship name="banks">
			<destination>{88313e26-a745-4b04-ba2c-039eea19c546}</destination>
		</relationship>
	</object>
	<object class="EventMixer" id="{0e620cc4-9122-47e1-9b10-c98d48fcee78}">
		<relationship name="masterBus">
			<destination>{fa07be33-bad8-44ca-9d93-c49975a065ad}</destination>
		</relationship>
	</object>
	<object class="MasterTrack" id="{8a6552b2-506e-43f0-b951-c567b129a15e}">
		<relationship name="mixerGroup">
			<destination>{fa07be33-bad8-44ca-9d93-c49975a065ad}</destination>
		</relationship>
	</object>
	<object class="MixerInput" id="{06134169-11a6-44c3-840c-2928e783102d}">
		<relationship name="effectChain">
			<destination>{46d4b31c-b7fd-46e2-9c24-8a10754c0e3d}</destination>
		</relationship>
		<relationship name="panner">
			<destination>{ee462efc-19e4-44a0-a897-0402c8fc58c8}</destination>
		</relationship>
		<relationship name="output">
			<destination>{ace004f5-b581-4bd9-a979-a84eb59eb08b}</destination>
		</relationship>
	</object>
	<object class="EventAutomatableProperties" id="{168cfd25-4054-41fa-9860-2b32c8665384}" />
	<object class="MarkerTrack" id="{ba94025f-5015-4c8c-a414-3cf7ac65e93b}" />
	<object class="GroupTrack" id="{06e40785-b126-4bcb-a0b0-fe1cb358a4d7}">
		<relationship name="automationTracks">
			<destination>{43ebdc34-8dc1-4fe2-8a04-5c6c6d63edc8}</destination>
		</relationship>
		<relationship name="modules">
			<destination>{5fe8f7c3-fb0e-46d6-83bc-bbdeb8d0c7c8}</destination>
		</relationship>
		<relationship name="mixerGroup">
			<destination>{3d64bf52-c456-4872-9be8-2cbd530d36dc}</destination>
		</relationship>
	</object>
	<object class="Timeline" id="{ee7e195c-2f0d-4d17-b7ac-5b91da1f7a22}">
		<relationship name="modules">
			<destination>{5fe8f7c3-fb0e-46d6-83bc-bbdeb8d0c7c8}</destination>
		</relationship>
		<relationship name="markers">
			<destination>{4496b644-cf49-44fe-a60c-d63ba200e563}</destination>
			<destination>{f7d38b5a-8ae1-4f84-aea6-133179d04c66}</destination>
		</relationship>
	</object>
	<object class="ParameterProxy" id="{b226149a-f5c4-4362-9aa5-258b29a710a2}">
		<relationship name="preset">
			<destination>{a007722a-a6a0-4b2d-b519-6b633f545c69}</destination>
		</relationship>
	</object>
	<object class="EventMixerMaster" id="{fa07be33-bad8-44ca-9d93-c49975a065ad}">
		<relationship name="effectChain">
			<destination>{cac9d539-42cd-4683-8d63-2f1f370d24f1}</destination>
		</relationship>
		<relationship name="panner">
			<destination>{b9057697-443e-488c-b6e1-9db5469e1e5e}</destination>
		</relationship>
		<relationship name="mixer">
			<destination>{0e620cc4-9122-47e1-9b10-c98d48fcee78}</destination>
		</relationship>
	</object>
	<object class="MixerBusEffectChain" id="{46d4b31c-b7fd-46e2-9c24-8a10754c0e3d}">
		<relationship name="effects">
			<destination>{5332e203-04bc-48b6-ae00-75130753dee4}</destination>
		</relationship>
	</object>
	<object class="MixerBusPanner" id="{ee462efc-19e4-44a0-a897-0402c8fc58c8}" />
	<object class="AutomationTrack" id="{43ebdc34-8dc1-4fe2-8a04-5c6c6d63edc8}">
		<relationship name="automator">
			<destination>{f618417c-138a-42f2-b73d-818c9f4d7149}</destination>
		</relationship>
	</object>
	<object class="SingleSound" id="{5fe8f7c3-fb0e-46d6-83bc-bbdeb8d0c7c8}">
		<property name="triggerConditionMode">
			<value>1</value>
		</property>
		<property name="length">
			<value>111.51673469387755</value>
		</property>
		<relationship name="automators">
			<destination>{f618417c-138a-42f2-b73d-818c9f4d7149}</destination>
		</relationship>
		<relationship name="triggerConditions">
			<destination>{1b22597e-e9f7-4dc6-8bca-396a7534e2ce}</destination>
			<destination>{7275dd83-3b86-45fa-b805-bfbe6fe5cef1}</destination>
		</relationship>
		<relationship name="audioFile">
			<destination>{e11d1086-d205-41e5-a426-71e5d00f76f1}</destination>
		</relationship>
	</object>
	<object class="EventMixerGroup" id="{3d64bf52-c456-4872-9be8-2cbd530d36dc}">
		<property name="name">
			<value>Audio 1</value>
		</property>
		<relationship name="effectChain">
			<destination>{65dd43f6-c788-4603-9c31-74207be69e47}</destination>
		</relationship>
		<relationship name="panner">
			<destination>{1ad7a560-c3a3-440c-8741-ca12f21a787c}</destination>
		</relationship>
		<relationship name="output">
			<destination>{fa07be33-bad8-44ca-9d93-c49975a065ad}</destination>
		</relationship>
	</object>
	<object class="LoopRegion" id="{4496b644-cf49-44fe-a60c-d63ba200e563}">
		<property name="position">
			<value>0</value>
		</property>
		<property name="length">
			<value>111.51673469387755</value>
		</property>
		<relationship name="timeline">
			<destination>{ee7e195c-2f0d-4d17-b7ac-5b91da1f7a22}</destination>
		</relationship>
		<relationship name="markerTrack">
			<destination>{ba94025f-5015-4c8c-a414-3cf7ac65e93b}</destination>
		</relationship>
	</object>
	<object class="LoopRegion" id="{f7d38b5a-8ae1-4f84-aea6-133179d04c66}">
		<property name="position">
			<value>0</value>
		</property>
		<property name="length">
			<value>111.51673469387755</value>
		</property>
		<relationship name="timeline">
			<destination>{ee7e195c-2f0d-4d17-b7ac-5b91da1f7a22}</destination>
		</relationship>
		<relationship name="markerTrack">
			<destination>{ba94025f-5015-4c8c-a414-3cf7ac65e93b}</destination>
		</relationship>
	</object>
	<object class="MixerBusEffectChain" id="{cac9d539-42cd-4683-8d63-2f1f370d24f1}">
		<relationship name="effects">
			<destination>{1b6aa6d6-a005-40ae-bd26-2da7b1742716}</destination>
			<destination>{12c42334-fc16-4cf5-b44e-979dc4fd9952}</destination>
		</relationship>
	</object>
	<object class="MixerBusPanner" id="{b9057697-443e-488c-b6e1-9db5469e1e5e}" />
	<object class="MixerBusFader" id="{5332e203-04bc-48b6-ae00-75130753dee4}" />
	<object class="Automator" id="{f618417c-138a-42f2-b73d-818c9f4d7149}">
		<property name="nameOfPropertyBeingAutomated">
			<value>pitch</value>
		</property>
		<relationship name="automationCurves">
			<destination>{da260845-c6ff-4ef6-a9e3-c8d25a505353}</destination>
			<destination>{a719cdf3-86b7-491e-a8ab-1269be5faed1}</destination>
		</relationship>
	</object>
	<object class="ParameterCondition" id="{1b22597e-e9f7-4dc6-8bca-396a7534e2ce}">
		<property name="minimum">
			<value>0</value>
		</property>
		<property name="maximum">
			<value>1</value>
		</property>
		<relationship name="parameter">
			<destination>{a007722a-a6a0-4b2d-b519-6b633f545c69}</destination>
		</relationship>
	</object>
	<object class="ParameterCondition" id="{7275dd83-3b86-45fa-b805-bfbe6fe5cef1}">
		<property name="minimum">
			<value>0</value>
		</property>
		<property name="maximum">
			<value>1</value>
		</property>
		<relationship name="parameter">
			<destination>{d5fe1b51-c723-47c9-a76d-3623cac339a9}</destination>
		</relationship>
	</object>
	<object class="MixerBusEffectChain" id="{65dd43f6-c788-4603-9c31-74207be69e47}">
		<relationship name="effects">
			<destination>{9c4cbf21-1d05-4369-9966-6e8ad7032af3}</destination>
		</relationship>
	</object>
	<object class="MixerBusPanner" id="{1ad7a560-c3a3-440c-8741-ca12f21a787c}" />
	<object class="MultibandEqEffect" id="{1b6aa6d6-a005-40ae-bd26-2da7b1742716}">
		<property name="filterTypeB">
			<value>9</value>
		</property>
		<property name="frequencyA">
			<value>21999.9902</value>
		</property>
		<property name="frequencyB">
			<value>80.151123</value>
		</property>
		<property name="qualityA">
			<value>0.676091015</value>
		</property>
		<property name="qualityB">
			<value>1.80000007</value>
		</property>
		<property name="gainB">
			<value>4.5</value>
		</property>
	</object>
	<object class="MixerBusFader" id="{12c42334-fc16-4cf5-b44e-979dc4fd9952}" />
	<object class="AutomationCurve" id="{da260845-c6ff-4ef6-a9e3-c8d25a505353}">
		<relationship name="parameter">
			<destination>{a007722a-a6a0-4b2d-b519-6b633f545c69}</destination>
		</relationship>
		<relationship name="automationPoints">
			<destination>{70c94771-68f3-4b78-b7f5-83463ee7deae}</destination>
			<destination>{5884e6dd-a509-41ff-9b8c-ef0c8925351a}</destination>
			<destination>{752c0c3b-5cfd-4dec-9893-c6847c0bf054}</destination>
		</relationship>
	</object>
	<object class="AutomationCurve" id="{a719cdf3-86b7-491e-a8ab-1269be5faed1}">
		<relationship name="parameter">
			<destination>{d5fe1b51-c723-47c9-a76d-3623cac339a9}</destination>
		</relationship>
		<relationship name="automationPoints">
			<destination>{aebe1537-9ac3-43d7-ad24-954890e27567}</destination>
			<destination>{72344047-538a-4404-9c6e-b6e539be4270}</destination>
		</relationship>
	</object>
	<object class="MixerBusFader" id="{9c4cbf21-1d05-4369-9966-6e8ad7032af3}" />
	<object class="AutomationPoint" id="{70c94771-68f3-4b78-b7f5-83463ee7deae}">
		<property name="position">
			<value>0.20000000000000004</value>
		</property>
		<property name="value">
			<value>3.5</value>
		</property>
	</object>
	<object class="AutomationPoint" id="{5884e6dd-a509-41ff-9b8c-ef0c8925351a}">
		<property name="position">
			<value>0.006920415224913495</value>
		</property>
		<property name="value">
			<value>0</value>
		</property>
		<property name="curveShape">
			<value>1</value>
		</property>
	</object>
	<object class="AutomationPoint" id="{752c0c3b-5cfd-4dec-9893-c6847c0bf054}">
		<property name="position">
			<value>0.19997916666666671</value>
		</property>
		<property name="value">
			<value>0</value>
		</property>
	</object>
	<object class="AutomationPoint" id="{aebe1537-9ac3-43d7-ad24-954890e27567}">
		<property name="position">
			<value>0.1963276836158192</value>
		</property>
		<property name="value">
			<value>4</value>
		</property>
	</object>
	<object class="AutomationPoint" id="{72344047-538a-4404-9c6e-b6e539be4270}">
		<property name="position">
			<value>0.1059322033898305</value>
		</property>
		<property name="value">
			<value>0</value>
		</property>
		<property name="curveShape">
			<value>1</value>
		</property>
	</object>
</objects>
