<?xml version="1.0" encoding="UTF-8"?>
<objects serializationModel="Studio.02.01.00">
	<object class="Event" id="{1ccd78a3-e408-4803-b78b-252baabadfb1}">
		<property name="name">
			<value>idle_loop_tc_3d</value>
		</property>
		<property name="outputFormat">
			<value>2</value>
		</property>
		<relationship name="folder">
			<destination>{3eff90f7-ac35-4ecb-87f0-ce431c64535c}</destination>
		</relationship>
		<relationship name="mixer">
			<destination>{15a044d4-9fbd-4e65-b2ec-12426a6cb839}</destination>
		</relationship>
		<relationship name="masterTrack">
			<destination>{70b7b81c-45be-424a-8844-e0c7b8ea1fe3}</destination>
		</relationship>
		<relationship name="mixerInput">
			<destination>{02a89936-d82c-442a-b72d-9524c5bec518}</destination>
		</relationship>
		<relationship name="automatableProperties">
			<destination>{d6cfe714-5845-4c1b-9bd1-63a007c16e49}</destination>
		</relationship>
		<relationship name="markerTracks">
			<destination>{fd172cf0-aafc-405c-81c5-79eeff6c16eb}</destination>
		</relationship>
		<relationship name="groupTracks">
			<destination>{d748a575-f9fe-4e74-aba2-7ad0db29e2e4}</destination>
		</relationship>
		<relationship name="timeline">
			<destination>{146b23a6-02e3-40e6-9c18-4f8e492c0193}</destination>
		</relationship>
		<relationship name="banks">
			<destination>{3347c883-1503-4ee8-b134-13217a30c7b4}</destination>
		</relationship>
	</object>
	<object class="EventMixer" id="{15a044d4-9fbd-4e65-b2ec-12426a6cb839}">
		<relationship name="masterBus">
			<destination>{b817fcaa-45c6-4d5d-b564-05b25ac3df85}</destination>
		</relationship>
	</object>
	<object class="MasterTrack" id="{70b7b81c-45be-424a-8844-e0c7b8ea1fe3}">
		<relationship name="mixerGroup">
			<destination>{b817fcaa-45c6-4d5d-b564-05b25ac3df85}</destination>
		</relationship>
	</object>
	<object class="MixerInput" id="{02a89936-d82c-442a-b72d-9524c5bec518}">
		<relationship name="effectChain">
			<destination>{14561b31-63a8-42f8-adeb-c6a58ad674ad}</destination>
		</relationship>
		<relationship name="panner">
			<destination>{7700d124-3e6b-46e8-b981-a77935ebb881}</destination>
		</relationship>
		<relationship name="output">
			<destination>{ace004f5-b581-4bd9-a979-a84eb59eb08b}</destination>
		</relationship>
	</object>
	<object class="EventAutomatableProperties" id="{d6cfe714-5845-4c1b-9bd1-63a007c16e49}" />
	<object class="MarkerTrack" id="{fd172cf0-aafc-405c-81c5-79eeff6c16eb}" />
	<object class="GroupTrack" id="{d748a575-f9fe-4e74-aba2-7ad0db29e2e4}">
		<relationship name="modules">
			<destination>{232ea2ef-0313-4666-b7a5-a0ed576de131}</destination>
		</relationship>
		<relationship name="mixerGroup">
			<destination>{aaf4cc70-2cd5-490f-b9e0-bc6335743dfe}</destination>
		</relationship>
	</object>
	<object class="Timeline" id="{146b23a6-02e3-40e6-9c18-4f8e492c0193}">
		<relationship name="modules">
			<destination>{232ea2ef-0313-4666-b7a5-a0ed576de131}</destination>
		</relationship>
		<relationship name="markers">
			<destination>{06a84665-a296-4e15-901a-96dd65c0b247}</destination>
		</relationship>
	</object>
	<object class="EventMixerMaster" id="{b817fcaa-45c6-4d5d-b564-05b25ac3df85}">
		<relationship name="effectChain">
			<destination>{2dee29d8-d948-4369-aea9-a8e7cd868e12}</destination>
		</relationship>
		<relationship name="panner">
			<destination>{0da5655d-bc72-4e84-99fa-37e0fead694e}</destination>
		</relationship>
		<relationship name="mixer">
			<destination>{15a044d4-9fbd-4e65-b2ec-12426a6cb839}</destination>
		</relationship>
	</object>
	<object class="MixerBusEffectChain" id="{14561b31-63a8-42f8-adeb-c6a58ad674ad}">
		<relationship name="effects">
			<destination>{86610f74-a352-4a77-949b-90864d5456ab}</destination>
		</relationship>
	</object>
	<object class="MixerBusPanner" id="{7700d124-3e6b-46e8-b981-a77935ebb881}" />
	<object class="SingleSound" id="{232ea2ef-0313-4666-b7a5-a0ed576de131}">
		<property name="length">
			<value>10.320000000000006</value>
		</property>
		<property name="timelockedOffset">
			<value>0.025000000000000001</value>
		</property>
		<relationship name="audioFile">
			<destination>{42595bab-ad1d-478d-934e-4425bb78e1b1}</destination>
		</relationship>
	</object>
	<object class="EventMixerGroup" id="{aaf4cc70-2cd5-490f-b9e0-bc6335743dfe}">
		<property name="name">
			<value>Audio 1</value>
		</property>
		<relationship name="effectChain">
			<destination>{8b525526-3dfb-4c50-b648-fa142f76db42}</destination>
		</relationship>
		<relationship name="panner">
			<destination>{af36781c-d9a3-4387-b17a-faad98c149cf}</destination>
		</relationship>
		<relationship name="output">
			<destination>{b817fcaa-45c6-4d5d-b564-05b25ac3df85}</destination>
		</relationship>
	</object>
	<object class="LoopRegion" id="{06a84665-a296-4e15-901a-96dd65c0b247}">
		<property name="position">
			<value>0</value>
		</property>
		<property name="length">
			<value>10.320000000000006</value>
		</property>
		<relationship name="timeline">
			<destination>{146b23a6-02e3-40e6-9c18-4f8e492c0193}</destination>
		</relationship>
		<relationship name="markerTrack">
			<destination>{fd172cf0-aafc-405c-81c5-79eeff6c16eb}</destination>
		</relationship>
	</object>
	<object class="MixerBusEffectChain" id="{2dee29d8-d948-4369-aea9-a8e7cd868e12}">
		<relationship name="effects">
			<destination>{366fb651-aa22-4b4a-aadb-cab96ad88cab}</destination>
			<destination>{da9e41ab-3795-4bca-8c37-8f6afdd2f475}</destination>
		</relationship>
	</object>
	<object class="MixerBusPanner" id="{0da5655d-bc72-4e84-99fa-37e0fead694e}" />
	<object class="MixerBusFader" id="{86610f74-a352-4a77-949b-90864d5456ab}" />
	<object class="MixerBusEffectChain" id="{8b525526-3dfb-4c50-b648-fa142f76db42}">
		<relationship name="effects">
			<destination>{28e1f522-520a-4e1b-930f-e3553dabdfbe}</destination>
		</relationship>
	</object>
	<object class="MixerBusPanner" id="{af36781c-d9a3-4387-b17a-faad98c149cf}" />
	<object class="MixerBusFader" id="{366fb651-aa22-4b4a-aadb-cab96ad88cab}" />
	<object class="SpatialiserEffect" id="{da9e41ab-3795-4bca-8c37-8f6afdd2f475}" />
	<object class="MixerBusFader" id="{28e1f522-520a-4e1b-930f-e3553dabdfbe}" />
</objects>
