<?xml version="1.0" encoding="UTF-8"?>
<objects serializationModel="Studio.02.01.00">
	<object class="Event" id="{276860ad-a163-4285-b569-588a87e8d017}">
		<property name="name">
			<value>diff_loop_tc</value>
		</property>
		<property name="outputFormat">
			<value>1</value>
		</property>
		<relationship name="folder">
			<destination>{3eff90f7-ac35-4ecb-87f0-ce431c64535c}</destination>
		</relationship>
		<relationship name="mixer">
			<destination>{3274a82d-ad0a-4a87-bb6e-037dd040730b}</destination>
		</relationship>
		<relationship name="masterTrack">
			<destination>{964efb0d-5d6b-4263-8523-3b19f2da96be}</destination>
		</relationship>
		<relationship name="mixerInput">
			<destination>{ec29454d-85a3-44cd-aa04-07fd937b05b2}</destination>
		</relationship>
		<relationship name="automatableProperties">
			<destination>{495652af-becc-47b2-b020-d94a19ce6a8a}</destination>
		</relationship>
		<relationship name="markerTracks">
			<destination>{8959dfbb-fb1b-4aed-977c-06d7e57778c4}</destination>
		</relationship>
		<relationship name="groupTracks">
			<destination>{1a2fdcfa-493d-4f06-8826-9a571e1e8bcc}</destination>
		</relationship>
		<relationship name="timeline">
			<destination>{54252df4-b08f-4b0d-a1f1-a86000177931}</destination>
		</relationship>
		<relationship name="banks">
			<destination>{3347c883-1503-4ee8-b134-13217a30c7b4}</destination>
		</relationship>
	</object>
	<object class="EventMixer" id="{3274a82d-ad0a-4a87-bb6e-037dd040730b}">
		<relationship name="masterBus">
			<destination>{aa054e46-1c78-4c22-87f0-b0466765b53b}</destination>
		</relationship>
	</object>
	<object class="MasterTrack" id="{964efb0d-5d6b-4263-8523-3b19f2da96be}">
		<relationship name="mixerGroup">
			<destination>{aa054e46-1c78-4c22-87f0-b0466765b53b}</destination>
		</relationship>
	</object>
	<object class="MixerInput" id="{ec29454d-85a3-44cd-aa04-07fd937b05b2}">
		<relationship name="effectChain">
			<destination>{be0b4c50-df81-4c05-8cd0-963da6dba12d}</destination>
		</relationship>
		<relationship name="panner">
			<destination>{759588dc-3d1a-4bf9-bd7d-983aa4bd7ec3}</destination>
		</relationship>
		<relationship name="output">
			<destination>{ace004f5-b581-4bd9-a979-a84eb59eb08b}</destination>
		</relationship>
	</object>
	<object class="EventAutomatableProperties" id="{495652af-becc-47b2-b020-d94a19ce6a8a}" />
	<object class="MarkerTrack" id="{8959dfbb-fb1b-4aed-977c-06d7e57778c4}" />
	<object class="GroupTrack" id="{1a2fdcfa-493d-4f06-8826-9a571e1e8bcc}">
		<relationship name="modules">
			<destination>{36ea53f2-4670-41a4-be99-f554eb0b5ac6}</destination>
		</relationship>
		<relationship name="mixerGroup">
			<destination>{f597a853-6538-4840-b9d7-5f75647d4a92}</destination>
		</relationship>
	</object>
	<object class="Timeline" id="{54252df4-b08f-4b0d-a1f1-a86000177931}">
		<relationship name="modules">
			<destination>{36ea53f2-4670-41a4-be99-f554eb0b5ac6}</destination>
		</relationship>
		<relationship name="markers">
			<destination>{14851959-6a2a-4e77-9708-253a28c8b215}</destination>
		</relationship>
	</object>
	<object class="EventMixerMaster" id="{aa054e46-1c78-4c22-87f0-b0466765b53b}">
		<relationship name="effectChain">
			<destination>{68ec71b4-481f-4cd6-87aa-851f4ea5839c}</destination>
		</relationship>
		<relationship name="panner">
			<destination>{a5a88507-0309-4bcf-9ac7-5e48d436e935}</destination>
		</relationship>
		<relationship name="mixer">
			<destination>{3274a82d-ad0a-4a87-bb6e-037dd040730b}</destination>
		</relationship>
	</object>
	<object class="MixerBusEffectChain" id="{be0b4c50-df81-4c05-8cd0-963da6dba12d}">
		<relationship name="effects">
			<destination>{25481266-f117-4b76-baa6-878c28d67e92}</destination>
		</relationship>
	</object>
	<object class="MixerBusPanner" id="{759588dc-3d1a-4bf9-bd7d-983aa4bd7ec3}" />
	<object class="SingleSound" id="{36ea53f2-4670-41a4-be99-f554eb0b5ac6}">
		<property name="length">
			<value>27.640000000000001</value>
		</property>
		<property name="timelockedOffset">
			<value>0.025000000000000001</value>
		</property>
		<relationship name="audioFile">
			<destination>{422b57b1-5991-4141-86b3-620958688aea}</destination>
		</relationship>
	</object>
	<object class="EventMixerGroup" id="{f597a853-6538-4840-b9d7-5f75647d4a92}">
		<property name="name">
			<value>Audio 1</value>
		</property>
		<relationship name="effectChain">
			<destination>{035498eb-8423-4011-a28e-f8975725e6f1}</destination>
		</relationship>
		<relationship name="panner">
			<destination>{79768653-03c1-4d9d-b319-1219d41d337c}</destination>
		</relationship>
		<relationship name="output">
			<destination>{aa054e46-1c78-4c22-87f0-b0466765b53b}</destination>
		</relationship>
	</object>
	<object class="LoopRegion" id="{14851959-6a2a-4e77-9708-253a28c8b215}">
		<property name="position">
			<value>0</value>
		</property>
		<property name="length">
			<value>27.640000000000001</value>
		</property>
		<relationship name="timeline">
			<destination>{54252df4-b08f-4b0d-a1f1-a86000177931}</destination>
		</relationship>
		<relationship name="markerTrack">
			<destination>{8959dfbb-fb1b-4aed-977c-06d7e57778c4}</destination>
		</relationship>
	</object>
	<object class="MixerBusEffectChain" id="{68ec71b4-481f-4cd6-87aa-851f4ea5839c}">
		<relationship name="effects">
			<destination>{901efb99-f019-482c-a817-43bbd7e5e77e}</destination>
		</relationship>
	</object>
	<object class="MixerBusPanner" id="{a5a88507-0309-4bcf-9ac7-5e48d436e935}" />
	<object class="MixerBusFader" id="{25481266-f117-4b76-baa6-878c28d67e92}" />
	<object class="MixerBusEffectChain" id="{035498eb-8423-4011-a28e-f8975725e6f1}">
		<relationship name="effects">
			<destination>{4051fad8-5b72-4ce7-b662-03a458c02442}</destination>
		</relationship>
	</object>
	<object class="MixerBusPanner" id="{79768653-03c1-4d9d-b319-1219d41d337c}" />
	<object class="MixerBusFader" id="{901efb99-f019-482c-a817-43bbd7e5e77e}" />
	<object class="MixerBusFader" id="{4051fad8-5b72-4ce7-b662-03a458c02442}" />
</objects>
