<?xml version="1.0" encoding="UTF-8"?>
<objects serializationModel="Studio.02.01.00">
	<object class="Event" id="{30413b90-2144-47da-a38c-0f2a25966e27}">
		<property name="name">
			<value>gravel_break_3d</value>
		</property>
		<property name="outputFormat">
			<value>2</value>
		</property>
		<relationship name="folder">
			<destination>{3eff90f7-ac35-4ecb-87f0-ce431c64535c}</destination>
		</relationship>
		<relationship name="mixer">
			<destination>{9dfe206d-9000-4631-9b7a-d7c0e3391aee}</destination>
		</relationship>
		<relationship name="masterTrack">
			<destination>{29253b1a-7cf0-4552-bccd-24a19133ca6f}</destination>
		</relationship>
		<relationship name="mixerInput">
			<destination>{125b370c-6b3d-4cc8-8e8b-12832be7cff8}</destination>
		</relationship>
		<relationship name="automatableProperties">
			<destination>{9f353402-17d0-4487-b585-091ba98f3526}</destination>
		</relationship>
		<relationship name="markerTracks">
			<destination>{1d69f45b-406d-418b-aa83-736193070ce8}</destination>
		</relationship>
		<relationship name="groupTracks">
			<destination>{4fbe16a2-03ad-499a-9d51-55c9a438cba5}</destination>
		</relationship>
		<relationship name="timeline">
			<destination>{ca45b483-0e94-44cf-8639-c2033785faf2}</destination>
		</relationship>
		<relationship name="banks">
			<destination>{6c9fbea8-8f6c-42c7-b48a-c611f9fbda79}</destination>
		</relationship>
	</object>
	<object class="EventMixer" id="{9dfe206d-9000-4631-9b7a-d7c0e3391aee}">
		<relationship name="masterBus">
			<destination>{7caee338-1e55-40bb-b4d2-19e9af3a44c1}</destination>
		</relationship>
	</object>
	<object class="MasterTrack" id="{29253b1a-7cf0-4552-bccd-24a19133ca6f}">
		<relationship name="mixerGroup">
			<destination>{7caee338-1e55-40bb-b4d2-19e9af3a44c1}</destination>
		</relationship>
	</object>
	<object class="MixerInput" id="{125b370c-6b3d-4cc8-8e8b-12832be7cff8}">
		<relationship name="effectChain">
			<destination>{f8c00e47-44b1-408a-9fc0-a16d4133f8fb}</destination>
		</relationship>
		<relationship name="panner">
			<destination>{f6498123-937d-414a-bafb-9dd4ee401fb8}</destination>
		</relationship>
		<relationship name="output">
			<destination>{ace004f5-b581-4bd9-a979-a84eb59eb08b}</destination>
		</relationship>
	</object>
	<object class="EventAutomatableProperties" id="{9f353402-17d0-4487-b585-091ba98f3526}" />
	<object class="MarkerTrack" id="{1d69f45b-406d-418b-aa83-736193070ce8}" />
	<object class="GroupTrack" id="{4fbe16a2-03ad-499a-9d51-55c9a438cba5}">
		<relationship name="modules">
			<destination>{59cfeb43-210e-4da4-95fa-bddea3dd1236}</destination>
		</relationship>
		<relationship name="mixerGroup">
			<destination>{d35c50dc-fa3f-4806-b227-f4aae1cb710b}</destination>
		</relationship>
	</object>
	<object class="Timeline" id="{ca45b483-0e94-44cf-8639-c2033785faf2}">
		<relationship name="modules">
			<destination>{59cfeb43-210e-4da4-95fa-bddea3dd1236}</destination>
		</relationship>
	</object>
	<object class="EventMixerMaster" id="{7caee338-1e55-40bb-b4d2-19e9af3a44c1}">
		<relationship name="effectChain">
			<destination>{b2568ca5-f10d-44a6-af99-1fbd3ac4d95b}</destination>
		</relationship>
		<relationship name="panner">
			<destination>{327777eb-bd54-4e63-9e7c-21a3457e65e6}</destination>
		</relationship>
		<relationship name="mixer">
			<destination>{9dfe206d-9000-4631-9b7a-d7c0e3391aee}</destination>
		</relationship>
	</object>
	<object class="MixerBusEffectChain" id="{f8c00e47-44b1-408a-9fc0-a16d4133f8fb}">
		<relationship name="effects">
			<destination>{0f855719-be57-4b5e-8385-e51ab75149e1}</destination>
		</relationship>
	</object>
	<object class="MixerBusPanner" id="{f6498123-937d-414a-bafb-9dd4ee401fb8}" />
	<object class="MultiSound" id="{59cfeb43-210e-4da4-95fa-bddea3dd1236}">
		<property name="length">
			<value>5</value>
		</property>
		<property name="playlistMode">
			<value>1</value>
		</property>
		<relationship name="sounds">
			<destination>{0d2d1174-6475-4607-aec0-4bbbadc714d6}</destination>
			<destination>{df2e2a98-bfd4-43db-8fdd-bbceb236d4d1}</destination>
			<destination>{74053658-b2d9-4e8d-a534-381ad029b8bc}</destination>
			<destination>{2d703374-2a9a-410b-9c4b-95a5d42b72f6}</destination>
		</relationship>
	</object>
	<object class="EventMixerGroup" id="{d35c50dc-fa3f-4806-b227-f4aae1cb710b}">
		<property name="name">
			<value>Audio 1</value>
		</property>
		<relationship name="effectChain">
			<destination>{377d00ed-0e8a-4c09-8946-aa01b65fd64c}</destination>
		</relationship>
		<relationship name="panner">
			<destination>{efe13c71-ab9f-4bdf-b95b-2c42950650dc}</destination>
		</relationship>
		<relationship name="output">
			<destination>{7caee338-1e55-40bb-b4d2-19e9af3a44c1}</destination>
		</relationship>
	</object>
	<object class="MixerBusEffectChain" id="{b2568ca5-f10d-44a6-af99-1fbd3ac4d95b}">
		<relationship name="effects">
			<destination>{4b21eb64-abe0-44cd-b885-fa3e284e23b6}</destination>
			<destination>{51dd99a6-0a0a-4be2-942f-7f541c6ec67b}</destination>
		</relationship>
	</object>
	<object class="MixerBusPanner" id="{327777eb-bd54-4e63-9e7c-21a3457e65e6}" />
	<object class="MixerBusFader" id="{0f855719-be57-4b5e-8385-e51ab75149e1}" />
	<object class="SingleSound" id="{0d2d1174-6475-4607-aec0-4bbbadc714d6}">
		<relationship name="audioFile">
			<destination>{68c03fbe-d6cd-4715-adc5-d21ec606d45e}</destination>
		</relationship>
	</object>
	<object class="SingleSound" id="{df2e2a98-bfd4-43db-8fdd-bbceb236d4d1}">
		<relationship name="audioFile">
			<destination>{4650bdbd-3f47-4892-b75c-317b16313517}</destination>
		</relationship>
	</object>
	<object class="SingleSound" id="{74053658-b2d9-4e8d-a534-381ad029b8bc}">
		<relationship name="audioFile">
			<destination>{f1086519-0faf-4d92-85a7-623add9b91f3}</destination>
		</relationship>
	</object>
	<object class="SingleSound" id="{2d703374-2a9a-410b-9c4b-95a5d42b72f6}">
		<relationship name="audioFile">
			<destination>{a1c4b565-9313-4312-a3b9-93d791b127dd}</destination>
		</relationship>
	</object>
	<object class="MixerBusEffectChain" id="{377d00ed-0e8a-4c09-8946-aa01b65fd64c}">
		<relationship name="effects">
			<destination>{b5e3a8ca-af76-4992-8d7b-55d83ae170a5}</destination>
		</relationship>
	</object>
	<object class="MixerBusPanner" id="{efe13c71-ab9f-4bdf-b95b-2c42950650dc}" />
	<object class="MixerBusFader" id="{4b21eb64-abe0-44cd-b885-fa3e284e23b6}" />
	<object class="SpatialiserEffect" id="{51dd99a6-0a0a-4be2-942f-7f541c6ec67b}">
		<property name="minimumDistance">
			<value>5400</value>
		</property>
		<property name="maximumDistance">
			<value>10000</value>
		</property>
	</object>
	<object class="MixerBusFader" id="{b5e3a8ca-af76-4992-8d7b-55d83ae170a5}" />
</objects>
