<?xml version="1.0" encoding="UTF-8"?>
<objects serializationModel="Studio.02.01.00">
	<object class="Event" id="{3b6f25cb-8c6e-4882-b931-2970a0bc4293}">
		<property name="name">
			<value>king_of_the_cone</value>
		</property>
		<property name="outputFormat">
			<value>1</value>
		</property>
		<relationship name="folder">
			<destination>{3eff90f7-ac35-4ecb-87f0-ce431c64535c}</destination>
		</relationship>
		<relationship name="mixer">
			<destination>{13d3e84e-6744-4def-8406-8f307a8e83d4}</destination>
		</relationship>
		<relationship name="masterTrack">
			<destination>{fa615649-b3df-4ac3-b11c-704893c5a1a7}</destination>
		</relationship>
		<relationship name="mixerInput">
			<destination>{07c9f2ef-bda9-4216-92d9-4bf9b132c851}</destination>
		</relationship>
		<relationship name="automatableProperties">
			<destination>{dd5e9b2b-506e-4b4a-918c-958d1f12faf3}</destination>
		</relationship>
		<relationship name="markerTracks">
			<destination>{943bcc86-d688-4643-83bd-1b860b4b1414}</destination>
		</relationship>
		<relationship name="groupTracks">
			<destination>{42b481ef-3de5-41b8-839d-c9275a5ef0fd}</destination>
		</relationship>
		<relationship name="timeline">
			<destination>{2a4f6abf-94ce-4ead-b23a-9f032e477010}</destination>
		</relationship>
		<relationship name="banks">
			<destination>{96eb9123-302e-45ce-a413-32a000a6af9d}</destination>
		</relationship>
	</object>
	<object class="EventMixer" id="{13d3e84e-6744-4def-8406-8f307a8e83d4}">
		<relationship name="masterBus">
			<destination>{2570f226-b103-4f7c-8382-257bc61e8ff3}</destination>
		</relationship>
	</object>
	<object class="MasterTrack" id="{fa615649-b3df-4ac3-b11c-704893c5a1a7}">
		<relationship name="mixerGroup">
			<destination>{2570f226-b103-4f7c-8382-257bc61e8ff3}</destination>
		</relationship>
	</object>
	<object class="MixerInput" id="{07c9f2ef-bda9-4216-92d9-4bf9b132c851}">
		<relationship name="effectChain">
			<destination>{6e365c79-63c3-41af-8e80-020b6f8756b7}</destination>
		</relationship>
		<relationship name="panner">
			<destination>{7219a874-1995-425c-b143-e190616b150f}</destination>
		</relationship>
		<relationship name="output">
			<destination>{094fe305-dee1-4ea7-bbf8-af796f52b6eb}</destination>
		</relationship>
	</object>
	<object class="EventAutomatableProperties" id="{dd5e9b2b-506e-4b4a-918c-958d1f12faf3}" />
	<object class="MarkerTrack" id="{943bcc86-d688-4643-83bd-1b860b4b1414}" />
	<object class="GroupTrack" id="{42b481ef-3de5-41b8-839d-c9275a5ef0fd}">
		<relationship name="modules">
			<destination>{1288ba07-19f6-4c6c-a3d7-08f7de109748}</destination>
		</relationship>
		<relationship name="mixerGroup">
			<destination>{1202d5c2-c87e-45b5-a37b-226794ab2733}</destination>
		</relationship>
	</object>
	<object class="Timeline" id="{2a4f6abf-94ce-4ead-b23a-9f032e477010}">
		<relationship name="modules">
			<destination>{1288ba07-19f6-4c6c-a3d7-08f7de109748}</destination>
		</relationship>
	</object>
	<object class="EventMixerMaster" id="{2570f226-b103-4f7c-8382-257bc61e8ff3}">
		<relationship name="effectChain">
			<destination>{324c4405-eb8a-4a80-8935-b5b3715042cf}</destination>
		</relationship>
		<relationship name="panner">
			<destination>{c027b8cb-32ea-4ee5-a4f4-7663abf6d120}</destination>
		</relationship>
		<relationship name="mixer">
			<destination>{13d3e84e-6744-4def-8406-8f307a8e83d4}</destination>
		</relationship>
	</object>
	<object class="MixerBusEffectChain" id="{6e365c79-63c3-41af-8e80-020b6f8756b7}">
		<relationship name="effects">
			<destination>{a0e17bec-e216-45bc-828f-92efc0475688}</destination>
		</relationship>
	</object>
	<object class="MixerBusPanner" id="{7219a874-1995-425c-b143-e190616b150f}" />
	<object class="SingleSound" id="{1288ba07-19f6-4c6c-a3d7-08f7de109748}">
		<property name="length">
			<value>4.0751020408163265</value>
		</property>
		<relationship name="audioFile">
			<destination>{0ea17ed6-bf44-4bf8-9c91-843135639eff}</destination>
		</relationship>
	</object>
	<object class="EventMixerGroup" id="{1202d5c2-c87e-45b5-a37b-226794ab2733}">
		<property name="name">
			<value>Audio 1</value>
		</property>
		<relationship name="effectChain">
			<destination>{e293c550-012c-47a6-9ed7-cf32f27dd3a0}</destination>
		</relationship>
		<relationship name="panner">
			<destination>{725b0460-8281-4c8e-8eb5-cd991604d754}</destination>
		</relationship>
		<relationship name="output">
			<destination>{2570f226-b103-4f7c-8382-257bc61e8ff3}</destination>
		</relationship>
	</object>
	<object class="MixerBusEffectChain" id="{324c4405-eb8a-4a80-8935-b5b3715042cf}">
		<relationship name="effects">
			<destination>{bfb3acd6-607e-4ba0-9731-8f5f02015219}</destination>
		</relationship>
	</object>
	<object class="MixerBusPanner" id="{c027b8cb-32ea-4ee5-a4f4-7663abf6d120}" />
	<object class="MixerBusFader" id="{a0e17bec-e216-45bc-828f-92efc0475688}" />
	<object class="MixerBusEffectChain" id="{e293c550-012c-47a6-9ed7-cf32f27dd3a0}">
		<relationship name="effects">
			<destination>{6136e79c-16b8-4bc3-b48f-138fede3877d}</destination>
		</relationship>
	</object>
	<object class="MixerBusPanner" id="{725b0460-8281-4c8e-8eb5-cd991604d754}" />
	<object class="MixerBusFader" id="{bfb3acd6-607e-4ba0-9731-8f5f02015219}" />
	<object class="MixerBusFader" id="{6136e79c-16b8-4bc3-b48f-138fede3877d}" />
</objects>
