<?xml version="1.0" encoding="UTF-8"?>
<objects serializationModel="Studio.02.01.00">
	<object class="Event" id="{4c941528-e539-4476-bd17-10e7d00845c6}">
		<property name="name">
			<value>gdm_acti sound</value>
		</property>
		<property name="outputFormat">
			<value>1</value>
		</property>
		<relationship name="folder">
			<destination>{3eff90f7-ac35-4ecb-87f0-ce431c64535c}</destination>
		</relationship>
		<relationship name="mixer">
			<destination>{0456e471-d204-41cd-8621-2926355da4b4}</destination>
		</relationship>
		<relationship name="masterTrack">
			<destination>{7105a025-541a-4bfc-a7cf-8c03dc2304f1}</destination>
		</relationship>
		<relationship name="mixerInput">
			<destination>{6805d925-8664-4a5b-8765-d79c9b717ad8}</destination>
		</relationship>
		<relationship name="automatableProperties">
			<destination>{8fc1f3ed-ec93-4623-bf84-3bbf8d0ce4a7}</destination>
		</relationship>
		<relationship name="markerTracks">
			<destination>{41c48b89-d4a3-4519-b137-10bd1b84084c}</destination>
		</relationship>
		<relationship name="groupTracks">
			<destination>{0d8ce0c9-8545-44fc-aeba-2b51830cce01}</destination>
		</relationship>
		<relationship name="timeline">
			<destination>{41112be0-03b5-4267-a3d9-dc6201338364}</destination>
		</relationship>
		<relationship name="parameters">
			<destination>{f74dca46-1fc2-439d-bf9b-dfc332c2b230}</destination>
		</relationship>
		<relationship name="banks">
			<destination>{f268a6a9-a199-476e-ae91-bb1c41f7a3d6}</destination>
		</relationship>
	</object>
	<object class="EventMixer" id="{0456e471-d204-41cd-8621-2926355da4b4}">
		<relationship name="masterBus">
			<destination>{06b4e738-3845-4360-b988-e6fe048b603b}</destination>
		</relationship>
	</object>
	<object class="MasterTrack" id="{7105a025-541a-4bfc-a7cf-8c03dc2304f1}">
		<relationship name="modules">
			<destination>{4dde3197-acfb-499a-9fc2-d3ba25181b0b}</destination>
		</relationship>
		<relationship name="mixerGroup">
			<destination>{06b4e738-3845-4360-b988-e6fe048b603b}</destination>
		</relationship>
	</object>
	<object class="MixerInput" id="{6805d925-8664-4a5b-8765-d79c9b717ad8}">
		<relationship name="effectChain">
			<destination>{2512429a-1358-4cd1-a59b-e4e70c006b99}</destination>
		</relationship>
		<relationship name="panner">
			<destination>{469d2cb4-875f-4923-8029-85016e7b94d2}</destination>
		</relationship>
		<relationship name="output">
			<destination>{538c3f88-1187-44fd-85aa-cc9f5f53e20b}</destination>
		</relationship>
	</object>
	<object class="EventAutomatableProperties" id="{8fc1f3ed-ec93-4623-bf84-3bbf8d0ce4a7}" />
	<object class="MarkerTrack" id="{41c48b89-d4a3-4519-b137-10bd1b84084c}" />
	<object class="GroupTrack" id="{0d8ce0c9-8545-44fc-aeba-2b51830cce01}">
		<relationship name="mixerGroup">
			<destination>{3190bf43-8227-48a2-9407-1bd9feeea768}</destination>
		</relationship>
	</object>
	<object class="Timeline" id="{41112be0-03b5-4267-a3d9-dc6201338364}">
		<property name="isProxyEnabled">
			<value>false</value>
		</property>
	</object>
	<object class="ActionSheet" id="{f74dca46-1fc2-439d-bf9b-dfc332c2b230}">
		<relationship name="modules">
			<destination>{4dde3197-acfb-499a-9fc2-d3ba25181b0b}</destination>
		</relationship>
	</object>
	<object class="EventMixerMaster" id="{06b4e738-3845-4360-b988-e6fe048b603b}">
		<relationship name="effectChain">
			<destination>{31c8a147-52f1-4748-9c8e-421367109988}</destination>
		</relationship>
		<relationship name="panner">
			<destination>{3c5a87fe-877e-4e48-8e5c-9773cb1f682e}</destination>
		</relationship>
		<relationship name="mixer">
			<destination>{0456e471-d204-41cd-8621-2926355da4b4}</destination>
		</relationship>
	</object>
	<object class="MultiSound" id="{4dde3197-acfb-499a-9fc2-d3ba25181b0b}">
		<relationship name="sounds">
			<destination>{0d1cf97a-b7f1-4178-babb-e1cef7613af0}</destination>
		</relationship>
	</object>
	<object class="MixerBusEffectChain" id="{2512429a-1358-4cd1-a59b-e4e70c006b99}">
		<relationship name="effects">
			<destination>{9c28d8af-1fe0-418c-bc79-073e0a6aac84}</destination>
		</relationship>
	</object>
	<object class="MixerBusPanner" id="{469d2cb4-875f-4923-8029-85016e7b94d2}" />
	<object class="EventMixerGroup" id="{3190bf43-8227-48a2-9407-1bd9feeea768}">
		<property name="name">
			<value>Audio 1</value>
		</property>
		<relationship name="effectChain">
			<destination>{4545e6c9-0fff-42bf-857e-c30c4ca139c2}</destination>
		</relationship>
		<relationship name="panner">
			<destination>{ec1ee7a4-f6bd-4300-985b-27f1221b2aa1}</destination>
		</relationship>
		<relationship name="output">
			<destination>{06b4e738-3845-4360-b988-e6fe048b603b}</destination>
		</relationship>
	</object>
	<object class="MixerBusEffectChain" id="{31c8a147-52f1-4748-9c8e-421367109988}">
		<relationship name="effects">
			<destination>{a3a5c9e2-795b-4cce-8d5f-81850f13c84a}</destination>
		</relationship>
	</object>
	<object class="MixerBusPanner" id="{3c5a87fe-877e-4e48-8e5c-9773cb1f682e}" />
	<object class="SingleSound" id="{0d1cf97a-b7f1-4178-babb-e1cef7613af0}">
		<relationship name="audioFile">
			<destination>{235c61b8-1897-4b56-9732-25da1c87fc0c}</destination>
		</relationship>
	</object>
	<object class="MixerBusFader" id="{9c28d8af-1fe0-418c-bc79-073e0a6aac84}" />
	<object class="MixerBusEffectChain" id="{4545e6c9-0fff-42bf-857e-c30c4ca139c2}">
		<relationship name="effects">
			<destination>{caa9d2d7-aa86-4a73-9eab-b96460694a71}</destination>
		</relationship>
	</object>
	<object class="MixerBusPanner" id="{ec1ee7a4-f6bd-4300-985b-27f1221b2aa1}" />
	<object class="MixerBusFader" id="{a3a5c9e2-795b-4cce-8d5f-81850f13c84a}" />
	<object class="MixerBusFader" id="{caa9d2d7-aa86-4a73-9eab-b96460694a71}" />
</objects>
