<?xml version="1.0" encoding="UTF-8"?>
<objects serializationModel="Studio.02.01.00">
	<object class="Event" id="{4d4f27cd-d5ff-41dc-9d48-d1f0d6c3a741}">
		<property name="name">
			<value>start_diff_tc</value>
		</property>
		<property name="outputFormat">
			<value>1</value>
		</property>
		<relationship name="folder">
			<destination>{3eff90f7-ac35-4ecb-87f0-ce431c64535c}</destination>
		</relationship>
		<relationship name="mixer">
			<destination>{80a80d41-edc1-4998-9ada-b2bcf0f23919}</destination>
		</relationship>
		<relationship name="masterTrack">
			<destination>{459ba8b2-348b-4c25-974e-6597d2e5d0fe}</destination>
		</relationship>
		<relationship name="mixerInput">
			<destination>{8c4ea1a6-0e26-44cc-ba5b-d4e743a502d9}</destination>
		</relationship>
		<relationship name="automatableProperties">
			<destination>{6126fc3d-a3a7-417c-85f1-e4281770c590}</destination>
		</relationship>
		<relationship name="markerTracks">
			<destination>{cb08b9d9-7022-46b6-868e-0f6f53a7f8ff}</destination>
		</relationship>
		<relationship name="groupTracks">
			<destination>{f363b8df-6f4c-447b-aa9c-a6189c8c2e8d}</destination>
		</relationship>
		<relationship name="timeline">
			<destination>{5992b388-9081-4d3b-a81b-e4efd7470063}</destination>
		</relationship>
		<relationship name="banks">
			<destination>{3347c883-1503-4ee8-b134-13217a30c7b4}</destination>
		</relationship>
	</object>
	<object class="EventMixer" id="{80a80d41-edc1-4998-9ada-b2bcf0f23919}">
		<relationship name="masterBus">
			<destination>{9a9374e3-6d9b-4364-9861-6ed77c1efd8d}</destination>
		</relationship>
	</object>
	<object class="MasterTrack" id="{459ba8b2-348b-4c25-974e-6597d2e5d0fe}">
		<relationship name="mixerGroup">
			<destination>{9a9374e3-6d9b-4364-9861-6ed77c1efd8d}</destination>
		</relationship>
	</object>
	<object class="MixerInput" id="{8c4ea1a6-0e26-44cc-ba5b-d4e743a502d9}">
		<relationship name="effectChain">
			<destination>{5d1903ad-1e7e-41e4-b695-570f33f2cffe}</destination>
		</relationship>
		<relationship name="panner">
			<destination>{5f143cb6-5279-483b-9b0c-33ecd4cb1069}</destination>
		</relationship>
		<relationship name="output">
			<destination>{ace004f5-b581-4bd9-a979-a84eb59eb08b}</destination>
		</relationship>
	</object>
	<object class="EventAutomatableProperties" id="{6126fc3d-a3a7-417c-85f1-e4281770c590}" />
	<object class="MarkerTrack" id="{cb08b9d9-7022-46b6-868e-0f6f53a7f8ff}" />
	<object class="GroupTrack" id="{f363b8df-6f4c-447b-aa9c-a6189c8c2e8d}">
		<relationship name="modules">
			<destination>{6c1a7a46-99ff-41af-a002-9584a1eb7ebb}</destination>
		</relationship>
		<relationship name="mixerGroup">
			<destination>{c0f119c8-eca5-44d2-b9a7-82e59d229532}</destination>
		</relationship>
	</object>
	<object class="Timeline" id="{5992b388-9081-4d3b-a81b-e4efd7470063}">
		<relationship name="modules">
			<destination>{6c1a7a46-99ff-41af-a002-9584a1eb7ebb}</destination>
		</relationship>
	</object>
	<object class="EventMixerMaster" id="{9a9374e3-6d9b-4364-9861-6ed77c1efd8d}">
		<relationship name="effectChain">
			<destination>{eb022442-b224-4ebf-ab61-3f4cfabd6a81}</destination>
		</relationship>
		<relationship name="panner">
			<destination>{072a77b6-b6c5-4c02-9d59-4c7268ab206a}</destination>
		</relationship>
		<relationship name="mixer">
			<destination>{80a80d41-edc1-4998-9ada-b2bcf0f23919}</destination>
		</relationship>
	</object>
	<object class="MixerBusEffectChain" id="{5d1903ad-1e7e-41e4-b695-570f33f2cffe}">
		<relationship name="effects">
			<destination>{8361816f-4125-4818-8f9d-682e5d1d3b08}</destination>
		</relationship>
	</object>
	<object class="MixerBusPanner" id="{5f143cb6-5279-483b-9b0c-33ecd4cb1069}" />
	<object class="SingleSound" id="{6c1a7a46-99ff-41af-a002-9584a1eb7ebb}">
		<property name="length">
			<value>2.1360000000000001</value>
		</property>
		<relationship name="audioFile">
			<destination>{9ffa756e-405d-44cf-8031-3bc556829482}</destination>
		</relationship>
	</object>
	<object class="EventMixerGroup" id="{c0f119c8-eca5-44d2-b9a7-82e59d229532}">
		<property name="name">
			<value>Audio 1</value>
		</property>
		<relationship name="effectChain">
			<destination>{095b719d-7844-4b7f-8799-d35ae015a15d}</destination>
		</relationship>
		<relationship name="panner">
			<destination>{cc99673b-9610-43c8-a695-71b0def05f9f}</destination>
		</relationship>
		<relationship name="output">
			<destination>{9a9374e3-6d9b-4364-9861-6ed77c1efd8d}</destination>
		</relationship>
	</object>
	<object class="MixerBusEffectChain" id="{eb022442-b224-4ebf-ab61-3f4cfabd6a81}">
		<relationship name="effects">
			<destination>{f8b9b4ba-2498-4766-95aa-e51f926c7d32}</destination>
		</relationship>
	</object>
	<object class="MixerBusPanner" id="{072a77b6-b6c5-4c02-9d59-4c7268ab206a}" />
	<object class="MixerBusFader" id="{8361816f-4125-4818-8f9d-682e5d1d3b08}" />
	<object class="MixerBusEffectChain" id="{095b719d-7844-4b7f-8799-d35ae015a15d}">
		<relationship name="effects">
			<destination>{42561c4c-6eea-4e5d-a15b-fd661ad4a7b4}</destination>
		</relationship>
	</object>
	<object class="MixerBusPanner" id="{cc99673b-9610-43c8-a695-71b0def05f9f}" />
	<object class="MixerBusFader" id="{f8b9b4ba-2498-4766-95aa-e51f926c7d32}" />
	<object class="MixerBusFader" id="{42561c4c-6eea-4e5d-a15b-fd661ad4a7b4}" />
</objects>
