<?xml version="1.0" encoding="UTF-8"?>
<objects serializationModel="Studio.02.01.00">
	<object class="Event" id="{523ca970-630c-4b0b-bc02-de9c11976fa8}">
		<property name="name">
			<value>start_diff_tc_3d</value>
		</property>
		<property name="outputFormat">
			<value>2</value>
		</property>
		<relationship name="folder">
			<destination>{3eff90f7-ac35-4ecb-87f0-ce431c64535c}</destination>
		</relationship>
		<relationship name="mixer">
			<destination>{be8a898e-5c18-4dce-81c9-8af67762eae9}</destination>
		</relationship>
		<relationship name="masterTrack">
			<destination>{f7077ef9-a1af-43e3-b46a-a10e7dfef416}</destination>
		</relationship>
		<relationship name="mixerInput">
			<destination>{e66a7895-d18a-49ae-a51c-e1f32e417672}</destination>
		</relationship>
		<relationship name="automatableProperties">
			<destination>{50f379a9-fd32-4d1c-aca7-d8e821380bcd}</destination>
		</relationship>
		<relationship name="markerTracks">
			<destination>{e135cb92-8eee-4292-bf91-184d89e2bf19}</destination>
		</relationship>
		<relationship name="groupTracks">
			<destination>{014ba835-d19d-4058-9af8-1b678b255ad5}</destination>
		</relationship>
		<relationship name="timeline">
			<destination>{61d71b55-2749-419a-9f7c-441d848bdca4}</destination>
		</relationship>
		<relationship name="banks">
			<destination>{3347c883-1503-4ee8-b134-13217a30c7b4}</destination>
		</relationship>
	</object>
	<object class="EventMixer" id="{be8a898e-5c18-4dce-81c9-8af67762eae9}">
		<relationship name="masterBus">
			<destination>{916b64d9-ed04-4b35-8319-3b25c48d0010}</destination>
		</relationship>
	</object>
	<object class="MasterTrack" id="{f7077ef9-a1af-43e3-b46a-a10e7dfef416}">
		<relationship name="mixerGroup">
			<destination>{916b64d9-ed04-4b35-8319-3b25c48d0010}</destination>
		</relationship>
	</object>
	<object class="MixerInput" id="{e66a7895-d18a-49ae-a51c-e1f32e417672}">
		<relationship name="effectChain">
			<destination>{15776466-5243-4a6c-ba18-2cc31849eee9}</destination>
		</relationship>
		<relationship name="panner">
			<destination>{48afa499-ef05-4b1e-a7a0-b5b81f9daa07}</destination>
		</relationship>
		<relationship name="output">
			<destination>{ace004f5-b581-4bd9-a979-a84eb59eb08b}</destination>
		</relationship>
	</object>
	<object class="EventAutomatableProperties" id="{50f379a9-fd32-4d1c-aca7-d8e821380bcd}" />
	<object class="MarkerTrack" id="{e135cb92-8eee-4292-bf91-184d89e2bf19}" />
	<object class="GroupTrack" id="{014ba835-d19d-4058-9af8-1b678b255ad5}">
		<relationship name="modules">
			<destination>{3c1aa48a-4ee7-4538-aefd-a588ad98692b}</destination>
		</relationship>
		<relationship name="mixerGroup">
			<destination>{7b000f9c-043f-4298-959b-95d2e787cab8}</destination>
		</relationship>
	</object>
	<object class="Timeline" id="{61d71b55-2749-419a-9f7c-441d848bdca4}">
		<relationship name="modules">
			<destination>{3c1aa48a-4ee7-4538-aefd-a588ad98692b}</destination>
		</relationship>
	</object>
	<object class="EventMixerMaster" id="{916b64d9-ed04-4b35-8319-3b25c48d0010}">
		<relationship name="effectChain">
			<destination>{9de5d2b3-969a-4a3f-aad7-ec3d2107f6b1}</destination>
		</relationship>
		<relationship name="panner">
			<destination>{8c8cb761-e682-45b0-a685-afc9b637ac31}</destination>
		</relationship>
		<relationship name="mixer">
			<destination>{be8a898e-5c18-4dce-81c9-8af67762eae9}</destination>
		</relationship>
	</object>
	<object class="MixerBusEffectChain" id="{15776466-5243-4a6c-ba18-2cc31849eee9}">
		<relationship name="effects">
			<destination>{96c5ce71-5f5c-4803-902b-5a99ebd315bf}</destination>
		</relationship>
	</object>
	<object class="MixerBusPanner" id="{48afa499-ef05-4b1e-a7a0-b5b81f9daa07}" />
	<object class="SingleSound" id="{3c1aa48a-4ee7-4538-aefd-a588ad98692b}">
		<property name="length">
			<value>2.1360000000000001</value>
		</property>
		<relationship name="audioFile">
			<destination>{9ffa756e-405d-44cf-8031-3bc556829482}</destination>
		</relationship>
	</object>
	<object class="EventMixerGroup" id="{7b000f9c-043f-4298-959b-95d2e787cab8}">
		<property name="name">
			<value>Audio 1</value>
		</property>
		<relationship name="effectChain">
			<destination>{426db855-34c9-44d9-b0ac-5ac35f954f20}</destination>
		</relationship>
		<relationship name="panner">
			<destination>{89d20826-8735-4387-ad36-e73b23e4eb9b}</destination>
		</relationship>
		<relationship name="output">
			<destination>{916b64d9-ed04-4b35-8319-3b25c48d0010}</destination>
		</relationship>
	</object>
	<object class="MixerBusEffectChain" id="{9de5d2b3-969a-4a3f-aad7-ec3d2107f6b1}">
		<relationship name="effects">
			<destination>{3458e5ba-3c5a-4f67-ae35-ffa7fdbdde91}</destination>
			<destination>{48439bdd-dc64-4c87-8a7f-4e69cba70103}</destination>
		</relationship>
	</object>
	<object class="MixerBusPanner" id="{8c8cb761-e682-45b0-a685-afc9b637ac31}" />
	<object class="MixerBusFader" id="{96c5ce71-5f5c-4803-902b-5a99ebd315bf}" />
	<object class="MixerBusEffectChain" id="{426db855-34c9-44d9-b0ac-5ac35f954f20}">
		<relationship name="effects">
			<destination>{8e892e28-3309-4677-b4cf-94d6c95b1718}</destination>
		</relationship>
	</object>
	<object class="MixerBusPanner" id="{89d20826-8735-4387-ad36-e73b23e4eb9b}" />
	<object class="MixerBusFader" id="{3458e5ba-3c5a-4f67-ae35-ffa7fdbdde91}" />
	<object class="SpatialiserEffect" id="{48439bdd-dc64-4c87-8a7f-4e69cba70103}">
		<property name="minimumDistance">
			<value>5400</value>
		</property>
		<property name="maximumDistance">
			<value>10000</value>
		</property>
	</object>
	<object class="MixerBusFader" id="{8e892e28-3309-4677-b4cf-94d6c95b1718}" />
</objects>
