<?xml version="1.0" encoding="UTF-8"?>
<objects serializationModel="Studio.02.01.00">
	<object class="Event" id="{68a355fc-097a-4571-89c7-d5982af4ee46}">
		<property name="name">
			<value>temp_tc_3d</value>
		</property>
		<property name="outputFormat">
			<value>2</value>
		</property>
		<relationship name="folder">
			<destination>{3eff90f7-ac35-4ecb-87f0-ce431c64535c}</destination>
		</relationship>
		<relationship name="mixer">
			<destination>{844f2800-87c0-4c9c-b95c-cb861ad0bd9c}</destination>
		</relationship>
		<relationship name="masterTrack">
			<destination>{bba020c3-ea6c-45d6-a906-32efdcfc6f6f}</destination>
		</relationship>
		<relationship name="mixerInput">
			<destination>{e6810d54-7038-4412-8ffb-b7faece3c041}</destination>
		</relationship>
		<relationship name="automatableProperties">
			<destination>{0bd90d2c-44b6-4c25-98f8-948c7f706623}</destination>
		</relationship>
		<relationship name="markerTracks">
			<destination>{faa502a7-4231-44bd-b7a8-a3592a254f77}</destination>
		</relationship>
		<relationship name="groupTracks">
			<destination>{56054174-4707-4507-a6c6-c36f903217a9}</destination>
			<destination>{41516265-4776-440c-8e06-b93acac4c22c}</destination>
		</relationship>
		<relationship name="timeline">
			<destination>{f736694f-1e83-4506-bbd5-77d35225495b}</destination>
		</relationship>
		<relationship name="banks">
			<destination>{3347c883-1503-4ee8-b134-13217a30c7b4}</destination>
		</relationship>
	</object>
	<object class="EventMixer" id="{844f2800-87c0-4c9c-b95c-cb861ad0bd9c}">
		<relationship name="masterBus">
			<destination>{c8375460-e65f-49a5-9564-5c8d13da44af}</destination>
		</relationship>
	</object>
	<object class="MasterTrack" id="{bba020c3-ea6c-45d6-a906-32efdcfc6f6f}">
		<relationship name="mixerGroup">
			<destination>{c8375460-e65f-49a5-9564-5c8d13da44af}</destination>
		</relationship>
	</object>
	<object class="MixerInput" id="{e6810d54-7038-4412-8ffb-b7faece3c041}">
		<relationship name="effectChain">
			<destination>{e9a64e6b-2218-4f31-84fe-cccc03c17917}</destination>
		</relationship>
		<relationship name="panner">
			<destination>{286fdf88-0a9a-4d1c-b765-a7e52894f508}</destination>
		</relationship>
		<relationship name="output">
			<destination>{ace004f5-b581-4bd9-a979-a84eb59eb08b}</destination>
		</relationship>
	</object>
	<object class="EventAutomatableProperties" id="{0bd90d2c-44b6-4c25-98f8-948c7f706623}" />
	<object class="MarkerTrack" id="{faa502a7-4231-44bd-b7a8-a3592a254f77}" />
	<object class="GroupTrack" id="{56054174-4707-4507-a6c6-c36f903217a9}">
		<relationship name="modules">
			<destination>{db9a5ddc-fc0f-4a4a-8e22-50b077118057}</destination>
			<destination>{10de041c-c149-4b7c-a751-d7abb11473a2}</destination>
			<destination>{d721cbce-388c-4957-a175-888e0b112e12}</destination>
			<destination>{96d2fb4d-a065-41f5-aa4f-dfdf7b9e8ee3}</destination>
		</relationship>
		<relationship name="mixerGroup">
			<destination>{0347cf32-3a16-4376-ab45-e8ec9f292c79}</destination>
		</relationship>
	</object>
	<object class="GroupTrack" id="{41516265-4776-440c-8e06-b93acac4c22c}">
		<relationship name="modules">
			<destination>{4bdd03f7-4722-4b4c-a445-38ad3fbdcb85}</destination>
			<destination>{40ced62b-301f-4d18-ad57-4dce87190260}</destination>
		</relationship>
		<relationship name="mixerGroup">
			<destination>{f57277bf-f765-4124-bcdf-5ee1945856b4}</destination>
		</relationship>
	</object>
	<object class="Timeline" id="{f736694f-1e83-4506-bbd5-77d35225495b}">
		<relationship name="modules">
			<destination>{db9a5ddc-fc0f-4a4a-8e22-50b077118057}</destination>
			<destination>{10de041c-c149-4b7c-a751-d7abb11473a2}</destination>
			<destination>{d721cbce-388c-4957-a175-888e0b112e12}</destination>
			<destination>{4bdd03f7-4722-4b4c-a445-38ad3fbdcb85}</destination>
			<destination>{40ced62b-301f-4d18-ad57-4dce87190260}</destination>
			<destination>{96d2fb4d-a065-41f5-aa4f-dfdf7b9e8ee3}</destination>
		</relationship>
		<relationship name="markers">
			<destination>{5226fb3b-5d16-41fb-b687-352f189cf179}</destination>
			<destination>{a36ab46b-0e71-497a-a87d-06218de6df31}</destination>
			<destination>{6d884811-aed9-4f18-97cf-2ea76cc525d7}</destination>
		</relationship>
	</object>
	<object class="EventMixerMaster" id="{c8375460-e65f-49a5-9564-5c8d13da44af}">
		<relationship name="effectChain">
			<destination>{c5751352-3917-4cc1-9ab9-3980c094117e}</destination>
		</relationship>
		<relationship name="panner">
			<destination>{1fa3310b-ae91-42d7-bfeb-36d80e314da0}</destination>
		</relationship>
		<relationship name="mixer">
			<destination>{844f2800-87c0-4c9c-b95c-cb861ad0bd9c}</destination>
		</relationship>
	</object>
	<object class="MixerBusEffectChain" id="{e9a64e6b-2218-4f31-84fe-cccc03c17917}">
		<relationship name="effects">
			<destination>{e540aeb8-9a08-409a-b9e8-be21b6a0df2c}</destination>
		</relationship>
	</object>
	<object class="MixerBusPanner" id="{286fdf88-0a9a-4d1c-b765-a7e52894f508}" />
	<object class="SingleSound" id="{db9a5ddc-fc0f-4a4a-8e22-50b077118057}">
		<property name="length">
			<value>2.1360000000000001</value>
		</property>
		<relationship name="audioFile">
			<destination>{9ffa756e-405d-44cf-8031-3bc556829482}</destination>
		</relationship>
	</object>
	<object class="SingleSound" id="{10de041c-c149-4b7c-a751-d7abb11473a2}">
		<property name="start">
			<value>1.8789999999999996</value>
		</property>
		<property name="length">
			<value>27.641000000000005</value>
		</property>
		<property name="timelockedOffset">
			<value>0.023999999999999133</value>
		</property>
		<relationship name="fadeInCurve">
			<destination>{36049e1a-d87a-4cb8-b3cc-a788428d3a29}</destination>
		</relationship>
		<relationship name="fadeOutCurve">
			<destination>{eee7e4e1-543c-4cde-8d0f-5caa826f7121}</destination>
		</relationship>
		<relationship name="audioFile">
			<destination>{422b57b1-5991-4141-86b3-620958688aea}</destination>
		</relationship>
	</object>
	<object class="SingleSound" id="{d721cbce-388c-4957-a175-888e0b112e12}">
		<property name="start">
			<value>28.655000000000001</value>
		</property>
		<property name="length">
			<value>46.200000000000017</value>
		</property>
		<property name="timelockedOffset">
			<value>0.024999999999998579</value>
		</property>
		<relationship name="fadeInCurve">
			<destination>{b27dd9e3-1031-4ad1-8a60-79f1e5810ffb}</destination>
		</relationship>
		<relationship name="audioFile">
			<destination>{06cb84d3-19d5-4655-b745-266979741dc8}</destination>
		</relationship>
	</object>
	<object class="SingleSound" id="{96d2fb4d-a065-41f5-aa4f-dfdf7b9e8ee3}">
		<property name="start">
			<value>77.365005911330044</value>
		</property>
		<property name="length">
			<value>4.3440000000000003</value>
		</property>
		<relationship name="audioFile">
			<destination>{03c5fbaf-a934-4de1-9222-63de5653000f}</destination>
		</relationship>
	</object>
	<object class="EventMixerGroup" id="{0347cf32-3a16-4376-ab45-e8ec9f292c79}">
		<property name="volume">
			<value>-7.5</value>
		</property>
		<property name="name">
			<value>Audio 1</value>
		</property>
		<relationship name="effectChain">
			<destination>{f6a6dc40-7e48-4b28-b56e-9c2bf568e27b}</destination>
		</relationship>
		<relationship name="panner">
			<destination>{dbaf8012-7903-4b6c-8ea8-bf7c7e4b91cb}</destination>
		</relationship>
		<relationship name="output">
			<destination>{c8375460-e65f-49a5-9564-5c8d13da44af}</destination>
		</relationship>
	</object>
	<object class="SingleSound" id="{4bdd03f7-4722-4b4c-a445-38ad3fbdcb85}">
		<property name="start">
			<value>29.551200000000009</value>
		</property>
		<property name="length">
			<value>27.649799999999999</value>
		</property>
		<property name="timelockedOffset">
			<value>0.024200000000005772</value>
		</property>
		<relationship name="fadeInCurve">
			<destination>{a0ac5011-6f73-42af-bbc1-adb50be582fc}</destination>
		</relationship>
		<relationship name="audioFile">
			<destination>{422b57b1-5991-4141-86b3-620958688aea}</destination>
		</relationship>
	</object>
	<object class="SingleSound" id="{40ced62b-301f-4d18-ad57-4dce87190260}">
		<property name="start">
			<value>57.201000000000022</value>
		</property>
		<property name="length">
			<value>18.575999999999993</value>
		</property>
		<property name="timelockedOffset">
			<value>0.024000000000000909</value>
		</property>
		<relationship name="fadeOutCurve">
			<destination>{d17afdf1-8b33-407a-9d61-7728021e6e13}</destination>
		</relationship>
		<relationship name="audioFile">
			<destination>{422b57b1-5991-4141-86b3-620958688aea}</destination>
		</relationship>
	</object>
	<object class="EventMixerGroup" id="{f57277bf-f765-4124-bcdf-5ee1945856b4}">
		<property name="volume">
			<value>-14</value>
		</property>
		<property name="name">
			<value>Audio 2</value>
		</property>
		<relationship name="effectChain">
			<destination>{ee022613-265c-4d40-a37d-613985c97f61}</destination>
		</relationship>
		<relationship name="panner">
			<destination>{34fd518f-8e00-4d5b-a747-4bf838859fe0}</destination>
		</relationship>
		<relationship name="output">
			<destination>{c8375460-e65f-49a5-9564-5c8d13da44af}</destination>
		</relationship>
	</object>
	<object class="LoopRegion" id="{5226fb3b-5d16-41fb-b687-352f189cf179}">
		<property name="position">
			<value>29.551000000000002</value>
		</property>
		<property name="length">
			<value>46.200000000000024</value>
		</property>
		<relationship name="timeline">
			<destination>{f736694f-1e83-4506-bbd5-77d35225495b}</destination>
		</relationship>
		<relationship name="markerTrack">
			<destination>{faa502a7-4231-44bd-b7a8-a3592a254f77}</destination>
		</relationship>
	</object>
	<object class="LoopRegion" id="{a36ab46b-0e71-497a-a87d-06218de6df31}">
		<property name="position">
			<value>1.8789999999999996</value>
		</property>
		<property name="length">
			<value>27.641000000000009</value>
		</property>
		<relationship name="timeline">
			<destination>{f736694f-1e83-4506-bbd5-77d35225495b}</destination>
		</relationship>
		<relationship name="markerTrack">
			<destination>{faa502a7-4231-44bd-b7a8-a3592a254f77}</destination>
		</relationship>
	</object>
	<object class="NamedMarker" id="{6d884811-aed9-4f18-97cf-2ea76cc525d7}">
		<property name="position">
			<value>0.054999999999999716</value>
		</property>
		<property name="name">
			<value>start_diff</value>
		</property>
		<relationship name="timeline">
			<destination>{f736694f-1e83-4506-bbd5-77d35225495b}</destination>
		</relationship>
		<relationship name="markerTrack">
			<destination>{faa502a7-4231-44bd-b7a8-a3592a254f77}</destination>
		</relationship>
	</object>
	<object class="MixerBusEffectChain" id="{c5751352-3917-4cc1-9ab9-3980c094117e}">
		<relationship name="effects">
			<destination>{8a0c93c9-51fd-4c88-b354-6ff64b171ce3}</destination>
			<destination>{c9b1dacf-783a-48f4-ac71-b01e17425fb8}</destination>
		</relationship>
	</object>
	<object class="MixerBusPanner" id="{1fa3310b-ae91-42d7-bfeb-36d80e314da0}" />
	<object class="MixerBusFader" id="{e540aeb8-9a08-409a-b9e8-be21b6a0df2c}" />
	<object class="FadeCurve" id="{36049e1a-d87a-4cb8-b3cc-a788428d3a29}">
		<relationship name="startPoint">
			<destination>{0ffdc76b-7f27-4df3-92f9-71534484f0ec}</destination>
		</relationship>
		<relationship name="endPoint">
			<destination>{1d8f5eb1-be1c-4ca0-a785-4636638aa3a3}</destination>
		</relationship>
	</object>
	<object class="FadeCurve" id="{eee7e4e1-543c-4cde-8d0f-5caa826f7121}">
		<relationship name="startPoint">
			<destination>{43602ea4-284e-451f-ace9-388370ccac52}</destination>
		</relationship>
		<relationship name="endPoint">
			<destination>{0730139d-1e6d-4676-b56e-05a39c67b1a2}</destination>
		</relationship>
		<relationship name="relatedModule">
			<destination>{d721cbce-388c-4957-a175-888e0b112e12}</destination>
		</relationship>
	</object>
	<object class="FadeCurve" id="{b27dd9e3-1031-4ad1-8a60-79f1e5810ffb}">
		<relationship name="startPoint">
			<destination>{b205eabb-1245-4220-a947-55df9024a85b}</destination>
		</relationship>
		<relationship name="endPoint">
			<destination>{07eb3275-d700-4d4e-9a8d-dcd83392b36a}</destination>
		</relationship>
		<relationship name="relatedModule">
			<destination>{10de041c-c149-4b7c-a751-d7abb11473a2}</destination>
		</relationship>
	</object>
	<object class="MixerBusEffectChain" id="{f6a6dc40-7e48-4b28-b56e-9c2bf568e27b}">
		<relationship name="effects">
			<destination>{10b8ea9b-55e3-46b6-a7ec-aa26f1c0613a}</destination>
		</relationship>
	</object>
	<object class="MixerBusPanner" id="{dbaf8012-7903-4b6c-8ea8-bf7c7e4b91cb}" />
	<object class="FadeCurve" id="{a0ac5011-6f73-42af-bbc1-adb50be582fc}">
		<relationship name="startPoint">
			<destination>{7ab440d5-d4aa-4e30-8f73-963e876ac177}</destination>
		</relationship>
		<relationship name="endPoint">
			<destination>{0e599c59-6840-490d-87a7-2b4b68972263}</destination>
		</relationship>
	</object>
	<object class="FadeCurve" id="{d17afdf1-8b33-407a-9d61-7728021e6e13}">
		<relationship name="startPoint">
			<destination>{6f246aa1-5d1c-4028-89f0-a43e6cf6b7d9}</destination>
		</relationship>
		<relationship name="endPoint">
			<destination>{ae627f7c-9534-4c01-b4d2-a7af413f0063}</destination>
		</relationship>
	</object>
	<object class="MixerBusEffectChain" id="{ee022613-265c-4d40-a37d-613985c97f61}">
		<relationship name="effects">
			<destination>{ffddf9e0-530d-4de5-821d-a15b5509d4d9}</destination>
		</relationship>
	</object>
	<object class="MixerBusPanner" id="{34fd518f-8e00-4d5b-a747-4bf838859fe0}" />
	<object class="MixerBusFader" id="{8a0c93c9-51fd-4c88-b354-6ff64b171ce3}" />
	<object class="SpatialiserEffect" id="{c9b1dacf-783a-48f4-ac71-b01e17425fb8}">
		<property name="minimumDistance">
			<value>4800</value>
		</property>
		<property name="maximumDistance">
			<value>9850</value>
		</property>
	</object>
	<object class="AutomationPoint" id="{0ffdc76b-7f27-4df3-92f9-71534484f0ec}">
		<property name="position">
			<value>1.8789999999999996</value>
		</property>
		<property name="value">
			<value>0</value>
		</property>
		<property name="curveShape">
			<value>-0.2547189</value>
		</property>
	</object>
	<object class="AutomationPoint" id="{1d8f5eb1-be1c-4ca0-a785-4636638aa3a3}">
		<property name="position">
			<value>1.8949999999999996</value>
		</property>
		<property name="value">
			<value>1</value>
		</property>
	</object>
	<object class="AutomationPoint" id="{43602ea4-284e-451f-ace9-388370ccac52}">
		<property name="position">
			<value>28.655000000000001</value>
		</property>
		<property name="value">
			<value>1</value>
		</property>
		<property name="curveShape">
			<value>0.25471893</value>
		</property>
	</object>
	<object class="AutomationPoint" id="{0730139d-1e6d-4676-b56e-05a39c67b1a2}">
		<property name="position">
			<value>29.520000000000003</value>
		</property>
		<property name="value">
			<value>0</value>
		</property>
	</object>
	<object class="AutomationPoint" id="{b205eabb-1245-4220-a947-55df9024a85b}">
		<property name="position">
			<value>28.655000000000001</value>
		</property>
		<property name="value">
			<value>0</value>
		</property>
		<property name="curveShape">
			<value>-0.2547189</value>
		</property>
	</object>
	<object class="AutomationPoint" id="{07eb3275-d700-4d4e-9a8d-dcd83392b36a}">
		<property name="position">
			<value>29.520000000000003</value>
		</property>
		<property name="value">
			<value>1</value>
		</property>
	</object>
	<object class="MixerBusFader" id="{10b8ea9b-55e3-46b6-a7ec-aa26f1c0613a}" />
	<object class="AutomationPoint" id="{7ab440d5-d4aa-4e30-8f73-963e876ac177}">
		<property name="position">
			<value>29.551200000000009</value>
		</property>
		<property name="value">
			<value>0</value>
		</property>
		<property name="curveShape">
			<value>-0.2547189</value>
		</property>
	</object>
	<object class="AutomationPoint" id="{0e599c59-6840-490d-87a7-2b4b68972263}">
		<property name="position">
			<value>30.051200000000009</value>
		</property>
		<property name="value">
			<value>1</value>
		</property>
	</object>
	<object class="AutomationPoint" id="{6f246aa1-5d1c-4028-89f0-a43e6cf6b7d9}">
		<property name="position">
			<value>75.449000000000026</value>
		</property>
		<property name="value">
			<value>1</value>
		</property>
		<property name="curveShape">
			<value>0.25471893</value>
		</property>
	</object>
	<object class="AutomationPoint" id="{ae627f7c-9534-4c01-b4d2-a7af413f0063}">
		<property name="position">
			<value>75.777000000000015</value>
		</property>
		<property name="value">
			<value>0</value>
		</property>
	</object>
	<object class="MixerBusFader" id="{ffddf9e0-530d-4de5-821d-a15b5509d4d9}" />
</objects>
