<?xml version="1.0" encoding="UTF-8"?>
<objects serializationModel="Studio.02.01.00">
	<object class="Event" id="{7df3cb38-c890-4f2f-94c6-d841f4e28e7e}">
		<property name="name">
			<value>engine_on_tc_3d</value>
		</property>
		<property name="outputFormat">
			<value>2</value>
		</property>
		<relationship name="folder">
			<destination>{3eff90f7-ac35-4ecb-87f0-ce431c64535c}</destination>
		</relationship>
		<relationship name="mixer">
			<destination>{b4db49b3-251f-4d30-9563-552b4087fefb}</destination>
		</relationship>
		<relationship name="masterTrack">
			<destination>{5e9944af-9c93-4844-bae6-0cee71b6fdbb}</destination>
		</relationship>
		<relationship name="mixerInput">
			<destination>{4db2d48c-db91-46ec-9ef8-61df0b2c36e1}</destination>
		</relationship>
		<relationship name="automatableProperties">
			<destination>{0754fcc8-1ec0-4ce4-843f-0517ecaf4c3e}</destination>
		</relationship>
		<relationship name="markerTracks">
			<destination>{46e85e47-0368-4476-a604-d4061f8a56de}</destination>
		</relationship>
		<relationship name="groupTracks">
			<destination>{b50a023d-3779-4138-9091-e904b4ec6633}</destination>
		</relationship>
		<relationship name="timeline">
			<destination>{58ed77cc-99ac-46f7-be60-86779f752eba}</destination>
		</relationship>
		<relationship name="banks">
			<destination>{3347c883-1503-4ee8-b134-13217a30c7b4}</destination>
		</relationship>
	</object>
	<object class="EventMixer" id="{b4db49b3-251f-4d30-9563-552b4087fefb}">
		<relationship name="masterBus">
			<destination>{d899c8a8-9840-4932-a36a-ed8a35c9500d}</destination>
		</relationship>
	</object>
	<object class="MasterTrack" id="{5e9944af-9c93-4844-bae6-0cee71b6fdbb}">
		<relationship name="mixerGroup">
			<destination>{d899c8a8-9840-4932-a36a-ed8a35c9500d}</destination>
		</relationship>
	</object>
	<object class="MixerInput" id="{4db2d48c-db91-46ec-9ef8-61df0b2c36e1}">
		<relationship name="effectChain">
			<destination>{cb40481d-fc82-46b9-8031-2e2e76398502}</destination>
		</relationship>
		<relationship name="panner">
			<destination>{c33571fd-082e-4754-b2fc-4fbfeef7d5a2}</destination>
		</relationship>
		<relationship name="output">
			<destination>{ace004f5-b581-4bd9-a979-a84eb59eb08b}</destination>
		</relationship>
	</object>
	<object class="EventAutomatableProperties" id="{0754fcc8-1ec0-4ce4-843f-0517ecaf4c3e}" />
	<object class="MarkerTrack" id="{46e85e47-0368-4476-a604-d4061f8a56de}" />
	<object class="GroupTrack" id="{b50a023d-3779-4138-9091-e904b4ec6633}">
		<relationship name="modules">
			<destination>{45eb60e6-166d-4f34-a355-6d4b951486dc}</destination>
		</relationship>
		<relationship name="mixerGroup">
			<destination>{897ba55b-d0d0-49d9-acbb-bccbec9f8f8f}</destination>
		</relationship>
	</object>
	<object class="Timeline" id="{58ed77cc-99ac-46f7-be60-86779f752eba}">
		<relationship name="modules">
			<destination>{45eb60e6-166d-4f34-a355-6d4b951486dc}</destination>
		</relationship>
	</object>
	<object class="EventMixerMaster" id="{d899c8a8-9840-4932-a36a-ed8a35c9500d}">
		<relationship name="effectChain">
			<destination>{a94a9e83-4e01-48d5-9d91-8a0b78fe241d}</destination>
		</relationship>
		<relationship name="panner">
			<destination>{9d2b875c-c922-4ba7-a2b7-cb16832585ac}</destination>
		</relationship>
		<relationship name="mixer">
			<destination>{b4db49b3-251f-4d30-9563-552b4087fefb}</destination>
		</relationship>
	</object>
	<object class="MixerBusEffectChain" id="{cb40481d-fc82-46b9-8031-2e2e76398502}">
		<relationship name="effects">
			<destination>{269fe1fb-dd8a-4760-aca2-5d9053342c17}</destination>
		</relationship>
	</object>
	<object class="MixerBusPanner" id="{c33571fd-082e-4754-b2fc-4fbfeef7d5a2}" />
	<object class="SingleSound" id="{45eb60e6-166d-4f34-a355-6d4b951486dc}">
		<property name="length">
			<value>3.141</value>
		</property>
		<relationship name="audioFile">
			<destination>{a62f091b-004e-45db-9719-16522c96027d}</destination>
		</relationship>
	</object>
	<object class="EventMixerGroup" id="{897ba55b-d0d0-49d9-acbb-bccbec9f8f8f}">
		<property name="name">
			<value>Audio 1</value>
		</property>
		<relationship name="effectChain">
			<destination>{66def01d-d4ca-4bbc-97eb-70fe16115258}</destination>
		</relationship>
		<relationship name="panner">
			<destination>{ec321a9c-3400-4099-82ac-3d4dd9a27db4}</destination>
		</relationship>
		<relationship name="output">
			<destination>{d899c8a8-9840-4932-a36a-ed8a35c9500d}</destination>
		</relationship>
	</object>
	<object class="MixerBusEffectChain" id="{a94a9e83-4e01-48d5-9d91-8a0b78fe241d}">
		<relationship name="effects">
			<destination>{5780de18-a496-4314-a329-0deb84b67116}</destination>
			<destination>{5804c639-abcb-4046-99c2-79850f52f31e}</destination>
		</relationship>
	</object>
	<object class="MixerBusPanner" id="{9d2b875c-c922-4ba7-a2b7-cb16832585ac}" />
	<object class="MixerBusFader" id="{269fe1fb-dd8a-4760-aca2-5d9053342c17}" />
	<object class="MixerBusEffectChain" id="{66def01d-d4ca-4bbc-97eb-70fe16115258}">
		<relationship name="effects">
			<destination>{615ef262-587a-45d9-be37-c376d1154660}</destination>
		</relationship>
	</object>
	<object class="MixerBusPanner" id="{ec321a9c-3400-4099-82ac-3d4dd9a27db4}" />
	<object class="MixerBusFader" id="{5780de18-a496-4314-a329-0deb84b67116}" />
	<object class="SpatialiserEffect" id="{5804c639-abcb-4046-99c2-79850f52f31e}">
		<property name="minimumDistance">
			<value>5400</value>
		</property>
		<property name="maximumDistance">
			<value>10000</value>
		</property>
	</object>
	<object class="MixerBusFader" id="{615ef262-587a-45d9-be37-c376d1154660}" />
</objects>
