<?xml version="1.0" encoding="UTF-8"?>
<objects serializationModel="Studio.02.01.00">
	<object class="Event" id="{99587847-1538-4fc2-8c03-32500a5a86c6}">
		<property name="name">
			<value>diff_loop_tc_3d</value>
		</property>
		<property name="outputFormat">
			<value>2</value>
		</property>
		<relationship name="folder">
			<destination>{3eff90f7-ac35-4ecb-87f0-ce431c64535c}</destination>
		</relationship>
		<relationship name="mixer">
			<destination>{632d6e58-fd6d-41fc-887a-3e437072bc0e}</destination>
		</relationship>
		<relationship name="masterTrack">
			<destination>{5f88ebd9-6554-4f16-a981-1added12998b}</destination>
		</relationship>
		<relationship name="mixerInput">
			<destination>{78f74da4-53c2-424e-b4ea-e77a1d2c2162}</destination>
		</relationship>
		<relationship name="automatableProperties">
			<destination>{911a786c-93fd-4c52-9e3d-27e9fe10a5d8}</destination>
		</relationship>
		<relationship name="markerTracks">
			<destination>{47bdf2e2-68a2-4ec7-ad74-231227ff13b1}</destination>
		</relationship>
		<relationship name="groupTracks">
			<destination>{0074737e-c79e-4d75-b91c-30f457a57f1b}</destination>
		</relationship>
		<relationship name="timeline">
			<destination>{597d1e8c-e3fd-4df0-863a-79705eda884f}</destination>
		</relationship>
		<relationship name="banks">
			<destination>{3347c883-1503-4ee8-b134-13217a30c7b4}</destination>
		</relationship>
	</object>
	<object class="EventMixer" id="{632d6e58-fd6d-41fc-887a-3e437072bc0e}">
		<relationship name="masterBus">
			<destination>{2dbd5a51-70e7-4e20-8f4b-e52a9a03331e}</destination>
		</relationship>
	</object>
	<object class="MasterTrack" id="{5f88ebd9-6554-4f16-a981-1added12998b}">
		<relationship name="mixerGroup">
			<destination>{2dbd5a51-70e7-4e20-8f4b-e52a9a03331e}</destination>
		</relationship>
	</object>
	<object class="MixerInput" id="{78f74da4-53c2-424e-b4ea-e77a1d2c2162}">
		<relationship name="effectChain">
			<destination>{56fdd451-368d-441f-818c-c98339726cef}</destination>
		</relationship>
		<relationship name="panner">
			<destination>{b1e80021-2363-41e0-bef4-9f834dc32938}</destination>
		</relationship>
		<relationship name="output">
			<destination>{ace004f5-b581-4bd9-a979-a84eb59eb08b}</destination>
		</relationship>
	</object>
	<object class="EventAutomatableProperties" id="{911a786c-93fd-4c52-9e3d-27e9fe10a5d8}" />
	<object class="MarkerTrack" id="{47bdf2e2-68a2-4ec7-ad74-231227ff13b1}" />
	<object class="GroupTrack" id="{0074737e-c79e-4d75-b91c-30f457a57f1b}">
		<relationship name="modules">
			<destination>{89b1cb9e-575f-4277-832d-eb9e1ecd664a}</destination>
		</relationship>
		<relationship name="mixerGroup">
			<destination>{90e46b01-33fc-4ce5-9f83-667e66557e61}</destination>
		</relationship>
	</object>
	<object class="Timeline" id="{597d1e8c-e3fd-4df0-863a-79705eda884f}">
		<relationship name="modules">
			<destination>{89b1cb9e-575f-4277-832d-eb9e1ecd664a}</destination>
		</relationship>
		<relationship name="markers">
			<destination>{e0e2d88b-7dd9-4487-a147-8762586fd9f1}</destination>
		</relationship>
	</object>
	<object class="EventMixerMaster" id="{2dbd5a51-70e7-4e20-8f4b-e52a9a03331e}">
		<relationship name="effectChain">
			<destination>{add70bc3-aa9e-4e54-bea5-4fc23bbc07cb}</destination>
		</relationship>
		<relationship name="panner">
			<destination>{acd40f9b-dd1f-4e45-be97-77cd75ad5e8d}</destination>
		</relationship>
		<relationship name="mixer">
			<destination>{632d6e58-fd6d-41fc-887a-3e437072bc0e}</destination>
		</relationship>
	</object>
	<object class="MixerBusEffectChain" id="{56fdd451-368d-441f-818c-c98339726cef}">
		<relationship name="effects">
			<destination>{67137cdf-0043-4214-8475-950e3c271c6b}</destination>
		</relationship>
	</object>
	<object class="MixerBusPanner" id="{b1e80021-2363-41e0-bef4-9f834dc32938}" />
	<object class="SingleSound" id="{89b1cb9e-575f-4277-832d-eb9e1ecd664a}">
		<property name="length">
			<value>27.640000000000001</value>
		</property>
		<property name="timelockedOffset">
			<value>0.025000000000000001</value>
		</property>
		<relationship name="audioFile">
			<destination>{422b57b1-5991-4141-86b3-620958688aea}</destination>
		</relationship>
	</object>
	<object class="EventMixerGroup" id="{90e46b01-33fc-4ce5-9f83-667e66557e61}">
		<property name="name">
			<value>Audio 1</value>
		</property>
		<relationship name="effectChain">
			<destination>{0421ac56-d618-4f0e-bf84-020595a55e4e}</destination>
		</relationship>
		<relationship name="panner">
			<destination>{edd01d5d-aa3e-471a-a2c0-a6b7d5b0799f}</destination>
		</relationship>
		<relationship name="output">
			<destination>{2dbd5a51-70e7-4e20-8f4b-e52a9a03331e}</destination>
		</relationship>
	</object>
	<object class="LoopRegion" id="{e0e2d88b-7dd9-4487-a147-8762586fd9f1}">
		<property name="position">
			<value>0</value>
		</property>
		<property name="length">
			<value>27.640000000000001</value>
		</property>
		<relationship name="timeline">
			<destination>{597d1e8c-e3fd-4df0-863a-79705eda884f}</destination>
		</relationship>
		<relationship name="markerTrack">
			<destination>{47bdf2e2-68a2-4ec7-ad74-231227ff13b1}</destination>
		</relationship>
	</object>
	<object class="MixerBusEffectChain" id="{add70bc3-aa9e-4e54-bea5-4fc23bbc07cb}">
		<relationship name="effects">
			<destination>{9798bb41-d415-470b-a9a6-2baf93f0003b}</destination>
			<destination>{72e16009-67f1-4a12-9bad-f4f4c0df363e}</destination>
		</relationship>
	</object>
	<object class="MixerBusPanner" id="{acd40f9b-dd1f-4e45-be97-77cd75ad5e8d}" />
	<object class="MixerBusFader" id="{67137cdf-0043-4214-8475-950e3c271c6b}" />
	<object class="MixerBusEffectChain" id="{0421ac56-d618-4f0e-bf84-020595a55e4e}">
		<relationship name="effects">
			<destination>{653e800c-7b73-46c5-a910-fd25f14e55cc}</destination>
		</relationship>
	</object>
	<object class="MixerBusPanner" id="{edd01d5d-aa3e-471a-a2c0-a6b7d5b0799f}" />
	<object class="MixerBusFader" id="{9798bb41-d415-470b-a9a6-2baf93f0003b}" />
	<object class="SpatialiserEffect" id="{72e16009-67f1-4a12-9bad-f4f4c0df363e}">
		<property name="maximumDistance">
			<value>10000</value>
		</property>
		<property name="soundSize">
			<value>20</value>
		</property>
	</object>
	<object class="MixerBusFader" id="{653e800c-7b73-46c5-a910-fd25f14e55cc}" />
</objects>
