<?xml version="1.0" encoding="UTF-8"?>
<objects serializationModel="Studio.02.01.00">
	<object class="Event" id="{c5410954-9aa9-4bb5-b0df-d32b1499c389}">
		<property name="name">
			<value>gravel_break</value>
		</property>
		<property name="outputFormat">
			<value>1</value>
		</property>
		<relationship name="folder">
			<destination>{3eff90f7-ac35-4ecb-87f0-ce431c64535c}</destination>
		</relationship>
		<relationship name="mixer">
			<destination>{4f6884a3-a480-4286-9316-baccceff59fe}</destination>
		</relationship>
		<relationship name="masterTrack">
			<destination>{39eae809-a00e-412c-8c7c-b3d56faf00d2}</destination>
		</relationship>
		<relationship name="mixerInput">
			<destination>{d58ba252-fdf7-4bb6-a172-a46d0a09eae7}</destination>
		</relationship>
		<relationship name="automatableProperties">
			<destination>{ec053bfb-c23d-4166-99f0-ab4a82eea005}</destination>
		</relationship>
		<relationship name="markerTracks">
			<destination>{1a01db70-daf6-4cd5-861c-d80bd53fe859}</destination>
		</relationship>
		<relationship name="groupTracks">
			<destination>{cb44feef-ac3f-4de7-b582-cbe5dc92c383}</destination>
		</relationship>
		<relationship name="timeline">
			<destination>{7a860a16-e168-4c21-bfe7-d91ca20f520d}</destination>
		</relationship>
		<relationship name="banks">
			<destination>{6c9fbea8-8f6c-42c7-b48a-c611f9fbda79}</destination>
		</relationship>
	</object>
	<object class="EventMixer" id="{4f6884a3-a480-4286-9316-baccceff59fe}">
		<relationship name="masterBus">
			<destination>{9c3e649d-5cf4-4b47-9e29-70c9a1932178}</destination>
		</relationship>
	</object>
	<object class="MasterTrack" id="{39eae809-a00e-412c-8c7c-b3d56faf00d2}">
		<relationship name="mixerGroup">
			<destination>{9c3e649d-5cf4-4b47-9e29-70c9a1932178}</destination>
		</relationship>
	</object>
	<object class="MixerInput" id="{d58ba252-fdf7-4bb6-a172-a46d0a09eae7}">
		<relationship name="effectChain">
			<destination>{88dad190-6f53-454a-a948-f233610fb645}</destination>
		</relationship>
		<relationship name="panner">
			<destination>{d01158c8-2a1c-4482-bdd6-db81a9bc9919}</destination>
		</relationship>
		<relationship name="output">
			<destination>{ace004f5-b581-4bd9-a979-a84eb59eb08b}</destination>
		</relationship>
	</object>
	<object class="EventAutomatableProperties" id="{ec053bfb-c23d-4166-99f0-ab4a82eea005}" />
	<object class="MarkerTrack" id="{1a01db70-daf6-4cd5-861c-d80bd53fe859}" />
	<object class="GroupTrack" id="{cb44feef-ac3f-4de7-b582-cbe5dc92c383}">
		<relationship name="modules">
			<destination>{79d8d793-f124-47cb-b0a8-63a151d85574}</destination>
		</relationship>
		<relationship name="mixerGroup">
			<destination>{a710717a-08fc-4339-b913-83bbda4f41bb}</destination>
		</relationship>
	</object>
	<object class="Timeline" id="{7a860a16-e168-4c21-bfe7-d91ca20f520d}">
		<relationship name="modules">
			<destination>{79d8d793-f124-47cb-b0a8-63a151d85574}</destination>
		</relationship>
	</object>
	<object class="EventMixerMaster" id="{9c3e649d-5cf4-4b47-9e29-70c9a1932178}">
		<relationship name="effectChain">
			<destination>{199b7aca-540b-457c-88dd-d928d51f5eae}</destination>
		</relationship>
		<relationship name="panner">
			<destination>{4878d4e0-906a-4820-82a4-db6034589a3e}</destination>
		</relationship>
		<relationship name="mixer">
			<destination>{4f6884a3-a480-4286-9316-baccceff59fe}</destination>
		</relationship>
	</object>
	<object class="MixerBusEffectChain" id="{88dad190-6f53-454a-a948-f233610fb645}">
		<relationship name="effects">
			<destination>{7d0d471d-059b-44ea-8c85-cb5ef2c5ca0a}</destination>
		</relationship>
	</object>
	<object class="MixerBusPanner" id="{d01158c8-2a1c-4482-bdd6-db81a9bc9919}" />
	<object class="MultiSound" id="{79d8d793-f124-47cb-b0a8-63a151d85574}">
		<property name="length">
			<value>5</value>
		</property>
		<property name="playlistMode">
			<value>1</value>
		</property>
		<relationship name="sounds">
			<destination>{4097ebb5-8b3a-452c-851e-97722fd29707}</destination>
			<destination>{5211e054-6dec-44ad-b4b9-53650dc78ebc}</destination>
			<destination>{74194330-f20e-422c-80cd-613c82308291}</destination>
			<destination>{838a6135-6e4b-4c49-93e5-f4d89f2797c6}</destination>
		</relationship>
	</object>
	<object class="EventMixerGroup" id="{a710717a-08fc-4339-b913-83bbda4f41bb}">
		<property name="name">
			<value>Audio 1</value>
		</property>
		<relationship name="effectChain">
			<destination>{40ab6c22-2b8c-4905-8275-a37db234f82a}</destination>
		</relationship>
		<relationship name="panner">
			<destination>{7eb04086-de11-45aa-b4b9-d53f433a4f12}</destination>
		</relationship>
		<relationship name="output">
			<destination>{9c3e649d-5cf4-4b47-9e29-70c9a1932178}</destination>
		</relationship>
	</object>
	<object class="MixerBusEffectChain" id="{199b7aca-540b-457c-88dd-d928d51f5eae}">
		<relationship name="effects">
			<destination>{8a1c64de-feb8-4f6d-bb12-6ecf388a0bec}</destination>
		</relationship>
	</object>
	<object class="MixerBusPanner" id="{4878d4e0-906a-4820-82a4-db6034589a3e}" />
	<object class="MixerBusFader" id="{7d0d471d-059b-44ea-8c85-cb5ef2c5ca0a}" />
	<object class="SingleSound" id="{4097ebb5-8b3a-452c-851e-97722fd29707}">
		<relationship name="audioFile">
			<destination>{68c03fbe-d6cd-4715-adc5-d21ec606d45e}</destination>
		</relationship>
	</object>
	<object class="SingleSound" id="{5211e054-6dec-44ad-b4b9-53650dc78ebc}">
		<relationship name="audioFile">
			<destination>{4650bdbd-3f47-4892-b75c-317b16313517}</destination>
		</relationship>
	</object>
	<object class="SingleSound" id="{74194330-f20e-422c-80cd-613c82308291}">
		<relationship name="audioFile">
			<destination>{f1086519-0faf-4d92-85a7-623add9b91f3}</destination>
		</relationship>
	</object>
	<object class="SingleSound" id="{838a6135-6e4b-4c49-93e5-f4d89f2797c6}">
		<relationship name="audioFile">
			<destination>{a1c4b565-9313-4312-a3b9-93d791b127dd}</destination>
		</relationship>
	</object>
	<object class="MixerBusEffectChain" id="{40ab6c22-2b8c-4905-8275-a37db234f82a}">
		<relationship name="effects">
			<destination>{11378fd8-b03b-4633-bade-c10ad5f22e9b}</destination>
		</relationship>
	</object>
	<object class="MixerBusPanner" id="{7eb04086-de11-45aa-b4b9-d53f433a4f12}" />
	<object class="MixerBusFader" id="{8a1c64de-feb8-4f6d-bb12-6ecf388a0bec}" />
	<object class="MixerBusFader" id="{11378fd8-b03b-4633-bade-c10ad5f22e9b}" />
</objects>
