<?xml version="1.0" encoding="UTF-8"?>
<objects serializationModel="Studio.02.01.00">
	<object class="Event" id="{eb41e142-52a2-44f3-8488-c8c3041f3c0a}">
		<property name="name">
			<value>twincam_3d</value>
		</property>
		<property name="outputFormat">
			<value>2</value>
		</property>
		<relationship name="folder">
			<destination>{3eff90f7-ac35-4ecb-87f0-ce431c64535c}</destination>
		</relationship>
		<relationship name="mixer">
			<destination>{602fa49e-ab06-408a-8bd9-1c2e107a85ec}</destination>
		</relationship>
		<relationship name="masterTrack">
			<destination>{498dcdb9-3729-4b07-b392-c17fb7059c75}</destination>
		</relationship>
		<relationship name="mixerInput">
			<destination>{93c255ac-a632-4820-ad99-8b743c9763f8}</destination>
		</relationship>
		<relationship name="automatableProperties">
			<destination>{ac9e4a9a-fc45-4239-8d78-d7b28a33dd20}</destination>
		</relationship>
		<relationship name="markerTracks">
			<destination>{ee19b4a8-14de-472f-ad73-9607f4906fc7}</destination>
		</relationship>
		<relationship name="groupTracks">
			<destination>{ddecc8cb-6891-4af7-9ee2-a2e456e39c00}</destination>
			<destination>{1879bf66-4bb9-4478-b857-9f8120ae81ab}</destination>
		</relationship>
		<relationship name="timeline">
			<destination>{3a1b6186-23d8-462d-aff2-07574e491178}</destination>
		</relationship>
		<relationship name="banks">
			<destination>{3347c883-1503-4ee8-b134-13217a30c7b4}</destination>
		</relationship>
	</object>
	<object class="EventMixer" id="{602fa49e-ab06-408a-8bd9-1c2e107a85ec}">
		<relationship name="masterBus">
			<destination>{373965e3-a008-439b-905c-06dc129087a8}</destination>
		</relationship>
	</object>
	<object class="MasterTrack" id="{498dcdb9-3729-4b07-b392-c17fb7059c75}">
		<relationship name="mixerGroup">
			<destination>{373965e3-a008-439b-905c-06dc129087a8}</destination>
		</relationship>
	</object>
	<object class="MixerInput" id="{93c255ac-a632-4820-ad99-8b743c9763f8}">
		<relationship name="effectChain">
			<destination>{3793271f-1c89-440f-99fa-ffecd93327b1}</destination>
		</relationship>
		<relationship name="panner">
			<destination>{46b95a5e-599c-4e33-850b-91f3fadf16b6}</destination>
		</relationship>
		<relationship name="output">
			<destination>{ace004f5-b581-4bd9-a979-a84eb59eb08b}</destination>
		</relationship>
	</object>
	<object class="EventAutomatableProperties" id="{ac9e4a9a-fc45-4239-8d78-d7b28a33dd20}" />
	<object class="MarkerTrack" id="{ee19b4a8-14de-472f-ad73-9607f4906fc7}" />
	<object class="GroupTrack" id="{ddecc8cb-6891-4af7-9ee2-a2e456e39c00}">
		<relationship name="modules">
			<destination>{47912f90-29de-4ac5-9245-2e8d2e15bc24}</destination>
			<destination>{ba152084-8976-40e4-8fa2-45031136f379}</destination>
			<destination>{0121f69b-704c-4d35-9399-c52402e82ae2}</destination>
			<destination>{e82af059-6bbc-4eee-9562-cc9f7bfda496}</destination>
			<destination>{2f35da34-9aa8-4910-82ee-9408045ff20d}</destination>
			<destination>{44c2ec45-065f-4dbd-8b8a-2db5af7d4d2a}</destination>
		</relationship>
		<relationship name="mixerGroup">
			<destination>{3e40d3cd-ea72-4c9e-b3f8-60416bae17e7}</destination>
		</relationship>
	</object>
	<object class="GroupTrack" id="{1879bf66-4bb9-4478-b857-9f8120ae81ab}">
		<relationship name="modules">
			<destination>{74f92e57-256b-4a5e-940b-516f87ec5ad0}</destination>
			<destination>{c4968aad-9d80-4859-8463-5d039d7dbb73}</destination>
		</relationship>
		<relationship name="mixerGroup">
			<destination>{ed594645-5ff3-4241-82a0-5ff9c1e15a7c}</destination>
		</relationship>
	</object>
	<object class="Timeline" id="{3a1b6186-23d8-462d-aff2-07574e491178}">
		<relationship name="modules">
			<destination>{47912f90-29de-4ac5-9245-2e8d2e15bc24}</destination>
			<destination>{ba152084-8976-40e4-8fa2-45031136f379}</destination>
			<destination>{0121f69b-704c-4d35-9399-c52402e82ae2}</destination>
			<destination>{e82af059-6bbc-4eee-9562-cc9f7bfda496}</destination>
			<destination>{2f35da34-9aa8-4910-82ee-9408045ff20d}</destination>
			<destination>{74f92e57-256b-4a5e-940b-516f87ec5ad0}</destination>
			<destination>{c4968aad-9d80-4859-8463-5d039d7dbb73}</destination>
			<destination>{44c2ec45-065f-4dbd-8b8a-2db5af7d4d2a}</destination>
		</relationship>
		<relationship name="markers">
			<destination>{d350b3dd-ae13-402f-92bd-34f930abb07c}</destination>
			<destination>{a9bcf225-b739-4762-b9d3-9edbcb3e34d2}</destination>
			<destination>{983edadb-299f-43f8-b15d-39b8f6d4b7fd}</destination>
			<destination>{ef1ef146-dd56-45c3-904f-97c412cc9f5e}</destination>
			<destination>{f7955694-0409-4256-a2e0-b99c551859b3}</destination>
		</relationship>
	</object>
	<object class="EventMixerMaster" id="{373965e3-a008-439b-905c-06dc129087a8}">
		<relationship name="effectChain">
			<destination>{e51d7432-961f-4987-b117-e7c8fb4b733e}</destination>
		</relationship>
		<relationship name="panner">
			<destination>{cf78ccf1-5a3d-4d5a-adc6-2da93339ce4e}</destination>
		</relationship>
		<relationship name="mixer">
			<destination>{602fa49e-ab06-408a-8bd9-1c2e107a85ec}</destination>
		</relationship>
	</object>
	<object class="MixerBusEffectChain" id="{3793271f-1c89-440f-99fa-ffecd93327b1}">
		<relationship name="effects">
			<destination>{8cb15006-8f81-42b4-87b9-d9b0c2e15ecd}</destination>
		</relationship>
	</object>
	<object class="MixerBusPanner" id="{46b95a5e-599c-4e33-850b-91f3fadf16b6}" />
	<object class="SingleSound" id="{47912f90-29de-4ac5-9245-2e8d2e15bc24}">
		<property name="length">
			<value>3.1440000000000001</value>
		</property>
		<relationship name="fadeOutCurve">
			<destination>{400bb681-6a28-4bc6-be56-7cc98d12859f}</destination>
		</relationship>
		<relationship name="audioFile">
			<destination>{a62f091b-004e-45db-9719-16522c96027d}</destination>
		</relationship>
	</object>
	<object class="SingleSound" id="{ba152084-8976-40e4-8fa2-45031136f379}">
		<property name="start">
			<value>3.0249999999999999</value>
		</property>
		<property name="length">
			<value>10.32</value>
		</property>
		<property name="timelockedOffset">
			<value>0.024999999999999911</value>
		</property>
		<relationship name="fadeInCurve">
			<destination>{2282dd2f-644e-4ac1-9179-95f1e343ab9e}</destination>
		</relationship>
		<relationship name="audioFile">
			<destination>{42595bab-ad1d-478d-934e-4425bb78e1b1}</destination>
		</relationship>
	</object>
	<object class="SingleSound" id="{0121f69b-704c-4d35-9399-c52402e82ae2}">
		<property name="start">
			<value>13.345000000000001</value>
		</property>
		<property name="length">
			<value>2.1360000000000001</value>
		</property>
		<relationship name="audioFile">
			<destination>{9ffa756e-405d-44cf-8031-3bc556829482}</destination>
		</relationship>
	</object>
	<object class="SingleSound" id="{e82af059-6bbc-4eee-9562-cc9f7bfda496}">
		<property name="start">
			<value>15.224</value>
		</property>
		<property name="length">
			<value>27.641000000000005</value>
		</property>
		<property name="timelockedOffset">
			<value>0.023999999999999133</value>
		</property>
		<relationship name="fadeInCurve">
			<destination>{94845a8b-b65a-459e-8249-69674217e8f7}</destination>
		</relationship>
		<relationship name="fadeOutCurve">
			<destination>{013d0263-2a8e-4a8f-9c57-7393d66b98a4}</destination>
		</relationship>
		<relationship name="audioFile">
			<destination>{422b57b1-5991-4141-86b3-620958688aea}</destination>
		</relationship>
	</object>
	<object class="SingleSound" id="{2f35da34-9aa8-4910-82ee-9408045ff20d}">
		<property name="start">
			<value>42</value>
		</property>
		<property name="length">
			<value>46.200000000000017</value>
		</property>
		<property name="timelockedOffset">
			<value>0.024999999999998579</value>
		</property>
		<relationship name="fadeInCurve">
			<destination>{b33b4f12-ede5-4095-9806-190fd1011dc7}</destination>
		</relationship>
		<relationship name="audioFile">
			<destination>{06cb84d3-19d5-4655-b745-266979741dc8}</destination>
		</relationship>
	</object>
	<object class="SingleSound" id="{44c2ec45-065f-4dbd-8b8a-2db5af7d4d2a}">
		<property name="start">
			<value>90.710005911330043</value>
		</property>
		<property name="length">
			<value>4.3440000000000003</value>
		</property>
		<relationship name="audioFile">
			<destination>{03c5fbaf-a934-4de1-9222-63de5653000f}</destination>
		</relationship>
	</object>
	<object class="EventMixerGroup" id="{3e40d3cd-ea72-4c9e-b3f8-60416bae17e7}">
		<property name="name">
			<value>Audio 1</value>
		</property>
		<relationship name="effectChain">
			<destination>{e4774394-7721-4e80-977f-eadd3a64b52d}</destination>
		</relationship>
		<relationship name="panner">
			<destination>{c768e2ae-ae3c-4966-9231-c1cc52487f06}</destination>
		</relationship>
		<relationship name="output">
			<destination>{373965e3-a008-439b-905c-06dc129087a8}</destination>
		</relationship>
	</object>
	<object class="SingleSound" id="{74f92e57-256b-4a5e-940b-516f87ec5ad0}">
		<property name="start">
			<value>42.896200000000007</value>
		</property>
		<property name="length">
			<value>27.649799999999999</value>
		</property>
		<property name="timelockedOffset">
			<value>0.024200000000005772</value>
		</property>
		<relationship name="fadeInCurve">
			<destination>{8db20efc-6f91-493a-9c70-192a0c1a4daf}</destination>
		</relationship>
		<relationship name="audioFile">
			<destination>{422b57b1-5991-4141-86b3-620958688aea}</destination>
		</relationship>
	</object>
	<object class="SingleSound" id="{c4968aad-9d80-4859-8463-5d039d7dbb73}">
		<property name="start">
			<value>70.546000000000021</value>
		</property>
		<property name="length">
			<value>18.575999999999993</value>
		</property>
		<property name="timelockedOffset">
			<value>0.024000000000000909</value>
		</property>
		<relationship name="fadeOutCurve">
			<destination>{80024972-fe0e-4a33-8769-9cf8ec6bda79}</destination>
		</relationship>
		<relationship name="audioFile">
			<destination>{422b57b1-5991-4141-86b3-620958688aea}</destination>
		</relationship>
	</object>
	<object class="EventMixerGroup" id="{ed594645-5ff3-4241-82a0-5ff9c1e15a7c}">
		<property name="volume">
			<value>-14</value>
		</property>
		<property name="name">
			<value>Audio 2</value>
		</property>
		<relationship name="effectChain">
			<destination>{28c1d012-448c-49ad-a1a3-007b75977855}</destination>
		</relationship>
		<relationship name="panner">
			<destination>{f5cbc7e5-4ed7-468b-92b2-3d8f5d6d4ca3}</destination>
		</relationship>
		<relationship name="output">
			<destination>{373965e3-a008-439b-905c-06dc129087a8}</destination>
		</relationship>
	</object>
	<object class="LoopRegion" id="{d350b3dd-ae13-402f-92bd-34f930abb07c}">
		<property name="position">
			<value>3.0249999999999999</value>
		</property>
		<property name="length">
			<value>10.32</value>
		</property>
		<relationship name="timeline">
			<destination>{3a1b6186-23d8-462d-aff2-07574e491178}</destination>
		</relationship>
		<relationship name="markerTrack">
			<destination>{ee19b4a8-14de-472f-ad73-9607f4906fc7}</destination>
		</relationship>
	</object>
	<object class="LoopRegion" id="{a9bcf225-b739-4762-b9d3-9edbcb3e34d2}">
		<property name="position">
			<value>42.896000000000001</value>
		</property>
		<property name="length">
			<value>46.200000000000024</value>
		</property>
		<relationship name="timeline">
			<destination>{3a1b6186-23d8-462d-aff2-07574e491178}</destination>
		</relationship>
		<relationship name="markerTrack">
			<destination>{ee19b4a8-14de-472f-ad73-9607f4906fc7}</destination>
		</relationship>
	</object>
	<object class="LoopRegion" id="{983edadb-299f-43f8-b15d-39b8f6d4b7fd}">
		<property name="position">
			<value>15.224</value>
		</property>
		<property name="length">
			<value>27.641000000000009</value>
		</property>
		<relationship name="timeline">
			<destination>{3a1b6186-23d8-462d-aff2-07574e491178}</destination>
		</relationship>
		<relationship name="markerTrack">
			<destination>{ee19b4a8-14de-472f-ad73-9607f4906fc7}</destination>
		</relationship>
	</object>
	<object class="NamedMarker" id="{ef1ef146-dd56-45c3-904f-97c412cc9f5e}">
		<property name="position">
			<value>0</value>
		</property>
		<property name="name">
			<value>engine_on</value>
		</property>
		<relationship name="timeline">
			<destination>{3a1b6186-23d8-462d-aff2-07574e491178}</destination>
		</relationship>
		<relationship name="markerTrack">
			<destination>{ee19b4a8-14de-472f-ad73-9607f4906fc7}</destination>
		</relationship>
	</object>
	<object class="NamedMarker" id="{f7955694-0409-4256-a2e0-b99c551859b3}">
		<property name="position">
			<value>13.4</value>
		</property>
		<property name="name">
			<value>start_diff</value>
		</property>
		<relationship name="timeline">
			<destination>{3a1b6186-23d8-462d-aff2-07574e491178}</destination>
		</relationship>
		<relationship name="markerTrack">
			<destination>{ee19b4a8-14de-472f-ad73-9607f4906fc7}</destination>
		</relationship>
	</object>
	<object class="MixerBusEffectChain" id="{e51d7432-961f-4987-b117-e7c8fb4b733e}">
		<relationship name="effects">
			<destination>{84d9458f-ad0d-41b3-b70a-766868f3510e}</destination>
			<destination>{883adcf5-45b4-440c-a455-58c7853d0ee0}</destination>
		</relationship>
	</object>
	<object class="MixerBusPanner" id="{cf78ccf1-5a3d-4d5a-adc6-2da93339ce4e}" />
	<object class="MixerBusFader" id="{8cb15006-8f81-42b4-87b9-d9b0c2e15ecd}" />
	<object class="FadeCurve" id="{400bb681-6a28-4bc6-be56-7cc98d12859f}">
		<relationship name="startPoint">
			<destination>{fc948b5a-e955-4e47-b69a-62a9215143dd}</destination>
		</relationship>
		<relationship name="endPoint">
			<destination>{0c66745a-88e7-4588-b373-9a40ebfc5324}</destination>
		</relationship>
		<relationship name="relatedModule">
			<destination>{ba152084-8976-40e4-8fa2-45031136f379}</destination>
		</relationship>
	</object>
	<object class="FadeCurve" id="{2282dd2f-644e-4ac1-9179-95f1e343ab9e}">
		<relationship name="startPoint">
			<destination>{8f4ac843-86c3-484b-ba92-365ffac26491}</destination>
		</relationship>
		<relationship name="endPoint">
			<destination>{202f17ba-414a-4eee-a46c-b210faeeb8cb}</destination>
		</relationship>
	</object>
	<object class="FadeCurve" id="{94845a8b-b65a-459e-8249-69674217e8f7}">
		<relationship name="startPoint">
			<destination>{3658fa7e-f09e-4e80-9834-4f5d8a142151}</destination>
		</relationship>
		<relationship name="endPoint">
			<destination>{00c1f9a6-4350-4427-8ad3-8aa9c6be7441}</destination>
		</relationship>
	</object>
	<object class="FadeCurve" id="{013d0263-2a8e-4a8f-9c57-7393d66b98a4}">
		<relationship name="startPoint">
			<destination>{d01c1af1-2967-436f-948b-b11d45369d04}</destination>
		</relationship>
		<relationship name="endPoint">
			<destination>{b24205da-70e9-4e0d-b8e8-5187356d3ec3}</destination>
		</relationship>
		<relationship name="relatedModule">
			<destination>{2f35da34-9aa8-4910-82ee-9408045ff20d}</destination>
		</relationship>
	</object>
	<object class="FadeCurve" id="{b33b4f12-ede5-4095-9806-190fd1011dc7}">
		<relationship name="startPoint">
			<destination>{288337fa-c188-440c-86c9-b840c4cc0f96}</destination>
		</relationship>
		<relationship name="endPoint">
			<destination>{272fbfd9-5a13-469b-b2ee-54334dea9a16}</destination>
		</relationship>
		<relationship name="relatedModule">
			<destination>{e82af059-6bbc-4eee-9562-cc9f7bfda496}</destination>
		</relationship>
	</object>
	<object class="MixerBusEffectChain" id="{e4774394-7721-4e80-977f-eadd3a64b52d}">
		<relationship name="effects">
			<destination>{5c49814f-ccab-4105-8a34-b32039844464}</destination>
		</relationship>
	</object>
	<object class="MixerBusPanner" id="{c768e2ae-ae3c-4966-9231-c1cc52487f06}" />
	<object class="FadeCurve" id="{8db20efc-6f91-493a-9c70-192a0c1a4daf}">
		<relationship name="startPoint">
			<destination>{eaaffedb-c534-4262-8b1d-3b47ce95450f}</destination>
		</relationship>
		<relationship name="endPoint">
			<destination>{6a12a7fc-e870-4d12-a4f3-faddb129387b}</destination>
		</relationship>
	</object>
	<object class="FadeCurve" id="{80024972-fe0e-4a33-8769-9cf8ec6bda79}">
		<relationship name="startPoint">
			<destination>{4427e38a-2078-482a-8334-b5bfd49c4065}</destination>
		</relationship>
		<relationship name="endPoint">
			<destination>{3e7d30e3-13e3-401d-afd8-bfda39269c92}</destination>
		</relationship>
	</object>
	<object class="MixerBusEffectChain" id="{28c1d012-448c-49ad-a1a3-007b75977855}">
		<relationship name="effects">
			<destination>{7a7dabe5-78bc-45de-8edb-ac1cf4fd831d}</destination>
		</relationship>
	</object>
	<object class="MixerBusPanner" id="{f5cbc7e5-4ed7-468b-92b2-3d8f5d6d4ca3}" />
	<object class="MixerBusFader" id="{84d9458f-ad0d-41b3-b70a-766868f3510e}" />
	<object class="SpatialiserEffect" id="{883adcf5-45b4-440c-a455-58c7853d0ee0}" />
	<object class="AutomationPoint" id="{fc948b5a-e955-4e47-b69a-62a9215143dd}">
		<property name="position">
			<value>3.0249999999999999</value>
		</property>
		<property name="value">
			<value>1</value>
		</property>
		<property name="curveShape">
			<value>0.25471893</value>
		</property>
	</object>
	<object class="AutomationPoint" id="{0c66745a-88e7-4588-b373-9a40ebfc5324}">
		<property name="position">
			<value>3.1440000000000001</value>
		</property>
		<property name="value">
			<value>0</value>
		</property>
	</object>
	<object class="AutomationPoint" id="{8f4ac843-86c3-484b-ba92-365ffac26491}">
		<property name="position">
			<value>3.0249999999999999</value>
		</property>
		<property name="value">
			<value>0</value>
		</property>
		<property name="curveShape">
			<value>-0.2547189</value>
		</property>
	</object>
	<object class="AutomationPoint" id="{202f17ba-414a-4eee-a46c-b210faeeb8cb}">
		<property name="position">
			<value>3.0600000000000001</value>
		</property>
		<property name="value">
			<value>1</value>
		</property>
	</object>
	<object class="AutomationPoint" id="{3658fa7e-f09e-4e80-9834-4f5d8a142151}">
		<property name="position">
			<value>15.224</value>
		</property>
		<property name="value">
			<value>0</value>
		</property>
		<property name="curveShape">
			<value>-0.2547189</value>
		</property>
	</object>
	<object class="AutomationPoint" id="{00c1f9a6-4350-4427-8ad3-8aa9c6be7441}">
		<property name="position">
			<value>15.24</value>
		</property>
		<property name="value">
			<value>1</value>
		</property>
	</object>
	<object class="AutomationPoint" id="{d01c1af1-2967-436f-948b-b11d45369d04}">
		<property name="position">
			<value>42</value>
		</property>
		<property name="value">
			<value>1</value>
		</property>
		<property name="curveShape">
			<value>0.25471893</value>
		</property>
	</object>
	<object class="AutomationPoint" id="{b24205da-70e9-4e0d-b8e8-5187356d3ec3}">
		<property name="position">
			<value>42.865000000000009</value>
		</property>
		<property name="value">
			<value>0</value>
		</property>
	</object>
	<object class="AutomationPoint" id="{288337fa-c188-440c-86c9-b840c4cc0f96}">
		<property name="position">
			<value>42</value>
		</property>
		<property name="value">
			<value>0</value>
		</property>
		<property name="curveShape">
			<value>-0.2547189</value>
		</property>
	</object>
	<object class="AutomationPoint" id="{272fbfd9-5a13-469b-b2ee-54334dea9a16}">
		<property name="position">
			<value>42.865000000000009</value>
		</property>
		<property name="value">
			<value>1</value>
		</property>
	</object>
	<object class="MixerBusFader" id="{5c49814f-ccab-4105-8a34-b32039844464}" />
	<object class="AutomationPoint" id="{eaaffedb-c534-4262-8b1d-3b47ce95450f}">
		<property name="position">
			<value>42.896200000000007</value>
		</property>
		<property name="value">
			<value>0</value>
		</property>
		<property name="curveShape">
			<value>-0.2547189</value>
		</property>
	</object>
	<object class="AutomationPoint" id="{6a12a7fc-e870-4d12-a4f3-faddb129387b}">
		<property name="position">
			<value>43.396200000000007</value>
		</property>
		<property name="value">
			<value>1</value>
		</property>
	</object>
	<object class="AutomationPoint" id="{4427e38a-2078-482a-8334-b5bfd49c4065}">
		<property name="position">
			<value>88.794000000000025</value>
		</property>
		<property name="value">
			<value>1</value>
		</property>
		<property name="curveShape">
			<value>0.25471893</value>
		</property>
	</object>
	<object class="AutomationPoint" id="{3e7d30e3-13e3-401d-afd8-bfda39269c92}">
		<property name="position">
			<value>89.122000000000014</value>
		</property>
		<property name="value">
			<value>0</value>
		</property>
	</object>
	<object class="MixerBusFader" id="{7a7dabe5-78bc-45de-8edb-ac1cf4fd831d}" />
</objects>
