<?xml version="1.0" encoding="UTF-8"?>
<objects serializationModel="Studio.02.01.00">
	<object class="Event" id="{f0df1e65-db33-474d-b7f9-1f170d9de84e}">
		<property name="name">
			<value>gravel_loop</value>
		</property>
		<property name="outputFormat">
			<value>1</value>
		</property>
		<relationship name="folder">
			<destination>{3eff90f7-ac35-4ecb-87f0-ce431c64535c}</destination>
		</relationship>
		<relationship name="mixer">
			<destination>{5cec6942-008c-4f17-ab0d-bfbe83831284}</destination>
		</relationship>
		<relationship name="masterTrack">
			<destination>{718719a1-d64e-403f-8edd-8e6d4cb4cf05}</destination>
		</relationship>
		<relationship name="mixerInput">
			<destination>{8a80bc09-ff30-40e6-9bfa-05c7194a02d1}</destination>
		</relationship>
		<relationship name="automatableProperties">
			<destination>{bb4acd33-f7b9-4b2c-b166-79f0ae7ccb98}</destination>
		</relationship>
		<relationship name="markerTracks">
			<destination>{11373b17-9098-4832-b89b-b24d563a522c}</destination>
		</relationship>
		<relationship name="groupTracks">
			<destination>{c6ff434b-ef90-4138-99fb-719facbe04a7}</destination>
		</relationship>
		<relationship name="timeline">
			<destination>{0231d52f-8842-4b5b-bd45-578125f36d58}</destination>
		</relationship>
		<relationship name="banks">
			<destination>{6c9fbea8-8f6c-42c7-b48a-c611f9fbda79}</destination>
		</relationship>
	</object>
	<object class="EventMixer" id="{5cec6942-008c-4f17-ab0d-bfbe83831284}">
		<relationship name="masterBus">
			<destination>{0535a398-dc5d-400f-a88a-5b54a0697a55}</destination>
		</relationship>
	</object>
	<object class="MasterTrack" id="{718719a1-d64e-403f-8edd-8e6d4cb4cf05}">
		<relationship name="mixerGroup">
			<destination>{0535a398-dc5d-400f-a88a-5b54a0697a55}</destination>
		</relationship>
	</object>
	<object class="MixerInput" id="{8a80bc09-ff30-40e6-9bfa-05c7194a02d1}">
		<relationship name="effectChain">
			<destination>{a8be9cf8-7471-4e1b-ba27-92bbd92d6ffa}</destination>
		</relationship>
		<relationship name="panner">
			<destination>{9f92dfba-c713-4f3a-a11b-5272d63ed7f9}</destination>
		</relationship>
		<relationship name="output">
			<destination>{ace004f5-b581-4bd9-a979-a84eb59eb08b}</destination>
		</relationship>
	</object>
	<object class="EventAutomatableProperties" id="{bb4acd33-f7b9-4b2c-b166-79f0ae7ccb98}" />
	<object class="MarkerTrack" id="{11373b17-9098-4832-b89b-b24d563a522c}" />
	<object class="GroupTrack" id="{c6ff434b-ef90-4138-99fb-719facbe04a7}">
		<relationship name="modules">
			<destination>{e86606f7-aaac-44d9-949d-f68d66790da8}</destination>
		</relationship>
		<relationship name="mixerGroup">
			<destination>{3ec16ab5-751a-4319-b87e-0aac33dffe71}</destination>
		</relationship>
	</object>
	<object class="Timeline" id="{0231d52f-8842-4b5b-bd45-578125f36d58}">
		<relationship name="modules">
			<destination>{e86606f7-aaac-44d9-949d-f68d66790da8}</destination>
		</relationship>
		<relationship name="markers">
			<destination>{e0593b08-fd6e-491e-bf3e-34262d9c6db2}</destination>
		</relationship>
	</object>
	<object class="EventMixerMaster" id="{0535a398-dc5d-400f-a88a-5b54a0697a55}">
		<relationship name="effectChain">
			<destination>{c054a961-b80b-4152-8dd7-30b39b8cac7d}</destination>
		</relationship>
		<relationship name="panner">
			<destination>{b4517d59-a418-454b-a19c-792a492ca0bd}</destination>
		</relationship>
		<relationship name="mixer">
			<destination>{5cec6942-008c-4f17-ab0d-bfbe83831284}</destination>
		</relationship>
	</object>
	<object class="MixerBusEffectChain" id="{a8be9cf8-7471-4e1b-ba27-92bbd92d6ffa}">
		<relationship name="effects">
			<destination>{13e58c0d-443d-40a6-afdf-75af7dc89720}</destination>
		</relationship>
	</object>
	<object class="MixerBusPanner" id="{9f92dfba-c713-4f3a-a11b-5272d63ed7f9}" />
	<object class="SingleSound" id="{e86606f7-aaac-44d9-949d-f68d66790da8}">
		<property name="length">
			<value>29.560000000000002</value>
		</property>
		<property name="timelockedOffset">
			<value>0.025000000000000001</value>
		</property>
		<relationship name="audioFile">
			<destination>{b70b4ec2-e572-485e-8ea7-4a1e60eab102}</destination>
		</relationship>
	</object>
	<object class="EventMixerGroup" id="{3ec16ab5-751a-4319-b87e-0aac33dffe71}">
		<property name="name">
			<value>Audio 1</value>
		</property>
		<relationship name="effectChain">
			<destination>{b6172c5e-2800-473a-9e1f-17e451d580be}</destination>
		</relationship>
		<relationship name="panner">
			<destination>{d8406c6f-317f-4c43-b890-257343859eb6}</destination>
		</relationship>
		<relationship name="output">
			<destination>{0535a398-dc5d-400f-a88a-5b54a0697a55}</destination>
		</relationship>
	</object>
	<object class="LoopRegion" id="{e0593b08-fd6e-491e-bf3e-34262d9c6db2}">
		<property name="position">
			<value>0</value>
		</property>
		<property name="length">
			<value>29.560000000000002</value>
		</property>
		<relationship name="timeline">
			<destination>{0231d52f-8842-4b5b-bd45-578125f36d58}</destination>
		</relationship>
		<relationship name="markerTrack">
			<destination>{11373b17-9098-4832-b89b-b24d563a522c}</destination>
		</relationship>
	</object>
	<object class="MixerBusEffectChain" id="{c054a961-b80b-4152-8dd7-30b39b8cac7d}">
		<relationship name="effects">
			<destination>{684a2db9-4740-4114-ae62-cf22602cc37f}</destination>
		</relationship>
	</object>
	<object class="MixerBusPanner" id="{b4517d59-a418-454b-a19c-792a492ca0bd}" />
	<object class="MixerBusFader" id="{13e58c0d-443d-40a6-afdf-75af7dc89720}" />
	<object class="MixerBusEffectChain" id="{b6172c5e-2800-473a-9e1f-17e451d580be}">
		<relationship name="effects">
			<destination>{e9975966-db9c-4f84-9dc0-3541070409e5}</destination>
		</relationship>
	</object>
	<object class="MixerBusPanner" id="{d8406c6f-317f-4c43-b890-257343859eb6}" />
	<object class="MixerBusFader" id="{684a2db9-4740-4114-ae62-cf22602cc37f}" />
	<object class="MixerBusFader" id="{e9975966-db9c-4f84-9dc0-3541070409e5}" />
</objects>
