<?xml version="1.0" encoding="UTF-8"?>
<objects serializationModel="Studio.02.01.00">
	<object class="MixerReturn" id="{e85e6d55-3832-48c9-a262-ca21f1c78318}">
		<property name="overridingInputFormat">
			<value>2</value>
		</property>
		<property name="name">
			<value>Reverb</value>
		</property>
		<relationship name="effectChain">
			<destination>{405f8d51-bf19-4815-80dc-59bb09c1a2e7}</destination>
		</relationship>
		<relationship name="panner">
			<destination>{f5aa8a9b-2367-4711-949e-3b9c359bcde1}</destination>
		</relationship>
		<relationship name="output">
			<destination>{233e442b-39f5-4b76-8772-446f5f7b63a0}</destination>
		</relationship>
	</object>
	<object class="MixerBusEffectChain" id="{405f8d51-bf19-4815-80dc-59bb09c1a2e7}">
		<relationship name="effects">
			<destination>{62f87ed6-62f8-4f30-9fec-5177223d27c8}</destination>
			<destination>{c284fa79-acde-4b06-8da5-3d07d4d3e9e9}</destination>
		</relationship>
	</object>
	<object class="MixerBusPanner" id="{f5aa8a9b-2367-4711-949e-3b9c359bcde1}" />
	<object class="SFXReverbEffect" id="{62f87ed6-62f8-4f30-9fec-5177223d27c8}">
		<property name="wetLevel">
			<value>0</value>
		</property>
		<property name="dryLevel">
			<value>-80</value>
		</property>
	</object>
	<object class="MixerBusFader" id="{c284fa79-acde-4b06-8da5-3d07d4d3e9e9}" />
</objects>
