<?xml version="1.0" encoding="UTF-8"?>
<objects serializationModel="Studio.02.01.00">
	<object class="AudioFile" id="{10fa370b-fb25-4662-a952-554918c8d156}">
		<property name="assetPath">
			<value>diffin point.mp3</value>
		</property>
		<property name="frequencyInKHz">
			<value>44.0999985</value>
		</property>
		<property name="channelCount">
			<value>2</value>
		</property>
		<property name="length">
			<value>0.5485714285714286</value>
		</property>
		<relationship name="masterAssetFolder">
			<destination>{72814363-126a-45fc-a9fb-b0e99a1b9aa8}</destination>
		</relationship>
	</object>
</objects>
