<?xml version="1.0" encoding="UTF-8"?>
<objects serializationModel="Studio.02.01.00">
	<object class="AudioFile" id="{42595bab-ad1d-478d-934e-4425bb78e1b1}">
		<property name="assetPath">
			<value>Car/twincam_engine_idle_loop.mp3</value>
		</property>
		<property name="isStreaming">
			<value>true</value>
		</property>
		<property name="frequencyInKHz">
			<value>48</value>
		</property>
		<property name="channelCount">
			<value>2</value>
		</property>
		<property name="length">
			<value>10.368</value>
		</property>
		<relationship name="masterAssetFolder">
			<destination>{72814363-126a-45fc-a9fb-b0e99a1b9aa8}</destination>
		</relationship>
	</object>
</objects>
