<?xml version="1.0" encoding="UTF-8"?>
<objects serializationModel="Studio.02.00.00">
	<object class="AudioFile" id="{54f234be-15f5-439c-8c29-285f94d0ff87}">
		<property name="assetPath">
			<value>Hendy's VO mp3s/General Gameplay/general_15.mp3</value>
		</property>
		<property name="frequencyInKHz">
			<value>48</value>
		</property>
		<property name="channelCount">
			<value>2</value>
		</property>
		<property name="length">
			<value>1.464</value>
		</property>
		<relationship name="masterAssetFolder">
			<destination>{72814363-126a-45fc-a9fb-b0e99a1b9aa8}</destination>
		</relationship>
	</object>
</objects>
