<?xml version="1.0" encoding="UTF-8"?>
<objects serializationModel="Studio.02.01.00">
	<object class="AudioFile" id="{68c03fbe-d6cd-4715-adc5-d21ec606d45e}">
		<property name="assetPath">
			<value>Car/gravel_break_skid_1.mp3</value>
		</property>
		<property name="frequencyInKHz">
			<value>48</value>
		</property>
		<property name="channelCount">
			<value>2</value>
		</property>
		<property name="length">
			<value>1.488</value>
		</property>
		<relationship name="masterAssetFolder">
			<destination>{72814363-126a-45fc-a9fb-b0e99a1b9aa8}</destination>
		</relationship>
	</object>
</objects>
