<?xml version="1.0" encoding="UTF-8"?>
<objects serializationModel="Studio.02.00.00">
	<object class="AudioFile" id="{928daa6f-c0a6-479e-9fe8-866527744577}">
		<property name="assetPath">
			<value>Hendy's VO mp3s/Green Diesel Mode/GDM_06.mp3</value>
		</property>
		<property name="frequencyInKHz">
			<value>48</value>
		</property>
		<property name="channelCount">
			<value>2</value>
		</property>
		<property name="length">
			<value>1.536</value>
		</property>
		<relationship name="masterAssetFolder">
			<destination>{72814363-126a-45fc-a9fb-b0e99a1b9aa8}</destination>
		</relationship>
	</object>
</objects>
