<?xml version="1.0" encoding="UTF-8"?>
<objects serializationModel="Studio.02.00.00">
	<object class="MixerMaster" id="{233e442b-39f5-4b76-8772-446f5f7b63a0}">
		<property name="name">
			<value>Master Bus</value>
		</property>
		<relationship name="effectChain">
			<destination>{940562af-5ba6-4943-9855-b6c89ebfada1}</destination>
		</relationship>
		<relationship name="panner">
			<destination>{7adf9426-0976-41c7-b236-d5883494177d}</destination>
		</relationship>
		<relationship name="mixer">
			<destination>{baeb1209-3028-48dc-88e7-e0875b207f56}</destination>
		</relationship>
	</object>
	<object class="MixerBusEffectChain" id="{940562af-5ba6-4943-9855-b6c89ebfada1}">
		<relationship name="effects">
			<destination>{cdc54fc9-6dd9-4756-92d7-50c662829db7}</destination>
		</relationship>
	</object>
	<object class="MixerBusPanner" id="{7adf9426-0976-41c7-b236-d5883494177d}">
		<property name="overridingOutputFormat">
			<value>2</value>
		</property>
		<property name="outputFormatOverridden">
			<value>true</value>
		</property>
	</object>
	<object class="MixerBusFader" id="{cdc54fc9-6dd9-4756-92d7-50c662829db7}" />
</objects>
