<?xml version="1.0" encoding="UTF-8"?>
<objects serializationModel="Studio.02.01.00">
	<object class="Workspace" id="{bf67fa8a-d960-4aa1-93a7-f13695c238ed}">
		<relationship name="masterEventFolder">
			<destination>{3eff90f7-ac35-4ecb-87f0-ce431c64535c}</destination>
		</relationship>
		<relationship name="masterTagFolder">
			<destination>{a2818d1a-3fb4-4137-a77b-9b05181724e0}</destination>
		</relationship>
		<relationship name="masterEffectPresetFolder">
			<destination>{3c52ea9d-f2d1-432f-b450-d37d8ef4938d}</destination>
		</relationship>
		<relationship name="masterParameterPresetFolder">
			<destination>{bd116834-fd62-4e86-95b2-e7b6bcbea2ca}</destination>
		</relationship>
		<relationship name="masterBankFolder">
			<destination>{6534e635-bb8d-4f93-9ba4-49edeccd8928}</destination>
		</relationship>
		<relationship name="masterSandboxFolder">
			<destination>{8bb35f65-8fcd-44eb-aa1d-792d0e155775}</destination>
		</relationship>
		<relationship name="masterAssetFolder">
			<destination>{72814363-126a-45fc-a9fb-b0e99a1b9aa8}</destination>
		</relationship>
		<relationship name="mixer">
			<destination>{baeb1209-3028-48dc-88e7-e0875b207f56}</destination>
		</relationship>
		<relationship name="profilerSessionFolder">
			<destination>{86dbb16c-2dc4-4d1c-b642-6291de772c30}</destination>
		</relationship>
		<relationship name="platforms">
			<destination>{f42254e2-53a5-4ecf-958d-5742ec781f93}</destination>
		</relationship>
	</object>
</objects>
